idx,model_id,source,arch,arch_group,arch_family,dataset,extra_annotations
1,alexnet,torchvision.models,alexnet,CNN,cnn,ImageNet-1k,[]
2,convmixer_1024_20_ks9_p14.in1k,timm,convmixer,CNN,cnn,ImageNet-1k,[]
3,convmixer_1536_20.in1k,timm,convmixer,CNN,cnn,ImageNet-1k,[]
4,convmixer_768_32.in1k,timm,convmixer,CNN,cnn,ImageNet-1k,[]
5,cs3darknet_focus_l.c2ns_in1k,timm,darknet,CNN,cnn,ImageNet-1k,[]
6,cs3darknet_focus_m.c2ns_in1k,timm,darknet,CNN,cnn,ImageNet-1k,[]
7,cs3darknet_l.c2ns_in1k,timm,darknet,CNN,cnn,ImageNet-1k,[]
8,cs3darknet_m.c2ns_in1k,timm,darknet,CNN,cnn,ImageNet-1k,[]
9,cs3darknet_x.c2ns_in1k,timm,darknet,CNN,cnn,ImageNet-1k,[]
10,cs3sedarknet_l.c2ns_in1k,timm,darknet,CNN,cnn,ImageNet-1k,[]
11,cs3sedarknet_x.c2ns_in1k,timm,darknet,CNN,cnn,ImageNet-1k,[]
12,cspdarknet53.ra_in1k,timm,darknet,CNN,cnn,ImageNet-1k,[]
13,darknet53.c2ns_in1k,timm,darknet,CNN,cnn,ImageNet-1k,[]
14,darknetaa53.c2ns_in1k,timm,darknet,CNN,cnn,ImageNet-1k,[]
15,densenet121,torchvision.models,densenet,CNN,cnn,ImageNet-1k,[]
16,densenet121.ra_in1k,timm,densenet,CNN,cnn,ImageNet-1k,[]
17,densenet161,torchvision.models,densenet,CNN,cnn,ImageNet-1k,[]
18,densenet169,torchvision.models,densenet,CNN,cnn,ImageNet-1k,[]
19,densenet201,torchvision.models,densenet,CNN,cnn,ImageNet-1k,[]
20,densenetblur121d.ra_in1k,timm,densenet,CNN,cnn,ImageNet-1k,[]
21,dla102.in1k,timm,dla,CNN,cnn,ImageNet-1k,[]
22,dla102x.in1k,timm,dla,CNN,cnn,ImageNet-1k,[]
23,dla102x2.in1k,timm,dla,CNN,cnn,ImageNet-1k,[]
24,dla169.in1k,timm,dla,CNN,cnn,ImageNet-1k,[]
25,dla34.in1k,timm,dla,CNN,cnn,ImageNet-1k,[]
26,dla46_c.in1k,timm,dla,CNN,cnn,ImageNet-1k,[]
27,dla46x_c.in1k,timm,dla,CNN,cnn,ImageNet-1k,[]
28,dla60.in1k,timm,dla,CNN,cnn,ImageNet-1k,[]
29,dla60x.in1k,timm,dla,CNN,cnn,ImageNet-1k,[]
30,dla60x_c.in1k,timm,dla,CNN,cnn,ImageNet-1k,[]
31,dpn107.mx_in1k,timm,dpn,CNN,cnn,ImageNet-1k,[]
32,dpn131.mx_in1k,timm,dpn,CNN,cnn,ImageNet-1k,[]
33,dpn68.mx_in1k,timm,dpn,CNN,cnn,ImageNet-1k,[]
34,dpn68b.mx_in1k,timm,dpn,CNN,cnn,ImageNet-1k,[]
35,dpn68b.ra_in1k,timm,dpn,CNN,cnn,ImageNet-1k,[]
36,dpn92.mx_in1k,timm,dpn,CNN,cnn,ImageNet-1k,[]
37,dpn98.mx_in1k,timm,dpn,CNN,cnn,ImageNet-1k,[]
38,focalnet_base_lrf.ms_in1k,timm,focalnet,CNN,cnn,ImageNet-1k,[]
39,focalnet_base_srf.ms_in1k,timm,focalnet,CNN,cnn,ImageNet-1k,[]
40,focalnet_small_lrf.ms_in1k,timm,focalnet,CNN,cnn,ImageNet-1k,[]
41,focalnet_small_srf.ms_in1k,timm,focalnet,CNN,cnn,ImageNet-1k,[]
42,focalnet_tiny_lrf.ms_in1k,timm,focalnet,CNN,cnn,ImageNet-1k,[]
43,focalnet_tiny_srf.ms_in1k,timm,focalnet,CNN,cnn,ImageNet-1k,[]
44,googlenet,torchvision.models,googlenet,CNN,cnn,ImageNet-1k,[]
45,hrnet_w18.ms_aug_in1k,timm,hrnet,CNN,cnn,ImageNet-1k,[]
46,hrnet_w18.ms_in1k,timm,hrnet,CNN,cnn,ImageNet-1k,[]
47,hrnet_w18_small.ms_in1k,timm,hrnet,CNN,cnn,ImageNet-1k,[]
48,hrnet_w18_small_v2.ms_in1k,timm,hrnet,CNN,cnn,ImageNet-1k,[]
49,hrnet_w18_ssld.paddle_in1k,timm,hrnet,CNN,cnn,ImageNet-1k,['Distillation']
50,hrnet_w30.ms_in1k,timm,hrnet,CNN,cnn,ImageNet-1k,[]
51,hrnet_w32.ms_in1k,timm,hrnet,CNN,cnn,ImageNet-1k,[]
52,hrnet_w40.ms_in1k,timm,hrnet,CNN,cnn,ImageNet-1k,[]
53,hrnet_w44.ms_in1k,timm,hrnet,CNN,cnn,ImageNet-1k,[]
54,hrnet_w48.ms_in1k,timm,hrnet,CNN,cnn,ImageNet-1k,[]
55,hrnet_w48_ssld.paddle_in1k,timm,hrnet,CNN,cnn,ImageNet-1k,['Distillation']
56,hrnet_w64.ms_in1k,timm,hrnet,CNN,cnn,ImageNet-1k,[]
57,inception_v3,torchvision.models,inception,CNN,cnn,ImageNet-1k,[]
58,inception_v3.gluon_in1k,timm,inception,CNN,cnn,ImageNet-1k,[]
59,inception_v3.tf_adv_in1k,timm,inception,CNN,cnn,ImageNet-1k,['Adversarial Training']
60,inception_v3.tf_in1k,timm,inception,CNN,cnn,ImageNet-1k,[]
61,inception_v4.tf_in1k,timm,inception,CNN,cnn,ImageNet-1k,[]
62,dm_nfnet_f0.dm_in1k,timm,nfnet,CNN,cnn,ImageNet-1k,[]
63,dm_nfnet_f1.dm_in1k,timm,nfnet,CNN,cnn,ImageNet-1k,[]
64,dm_nfnet_f2.dm_in1k,timm,nfnet,CNN,cnn,ImageNet-1k,[]
65,dm_nfnet_f3.dm_in1k,timm,nfnet,CNN,cnn,ImageNet-1k,[]
66,dm_nfnet_f4.dm_in1k,timm,nfnet,CNN,cnn,ImageNet-1k,[]
67,dm_nfnet_f5.dm_in1k,timm,nfnet,CNN,cnn,ImageNet-1k,[]
68,dm_nfnet_f6.dm_in1k,timm,nfnet,CNN,cnn,ImageNet-1k,[]
69,eca_nfnet_l0.ra2_in1k,timm,nfnet,CNN,cnn,ImageNet-1k,[]
70,eca_nfnet_l1.ra2_in1k,timm,nfnet,CNN,cnn,ImageNet-1k,[]
71,eca_nfnet_l2.ra3_in1k,timm,nfnet,CNN,cnn,ImageNet-1k,[]
72,nf_regnet_b1.ra2_in1k,timm,nfnet,CNN,cnn,ImageNet-1k,[]
73,nf_resnet50.ra2_in1k,timm,nfnet,CNN,cnn,ImageNet-1k,[]
74,nfnet_l0.ra2_in1k,timm,nfnet,CNN,cnn,ImageNet-1k,[]
75,repvgg_a2.rvgg_in1k,timm,vgg,CNN,cnn,ImageNet-1k,[]
76,repvgg_b0.rvgg_in1k,timm,vgg,CNN,cnn,ImageNet-1k,[]
77,repvgg_b1.rvgg_in1k,timm,vgg,CNN,cnn,ImageNet-1k,[]
78,repvgg_b1g4.rvgg_in1k,timm,vgg,CNN,cnn,ImageNet-1k,[]
79,repvgg_b2.rvgg_in1k,timm,vgg,CNN,cnn,ImageNet-1k,[]
80,repvgg_b2g4.rvgg_in1k,timm,vgg,CNN,cnn,ImageNet-1k,[]
81,repvgg_b3.rvgg_in1k,timm,vgg,CNN,cnn,ImageNet-1k,[]
82,repvgg_b3g4.rvgg_in1k,timm,vgg,CNN,cnn,ImageNet-1k,[]
83,vgg11,torchvision.models,vgg,CNN,cnn,ImageNet-1k,[]
84,vgg11_bn,torchvision.models,vgg,CNN,cnn,ImageNet-1k,[]
85,vgg13,torchvision.models,vgg,CNN,cnn,ImageNet-1k,[]
86,vgg13_bn,torchvision.models,vgg,CNN,cnn,ImageNet-1k,[]
87,vgg16,torchvision.models,vgg,CNN,cnn,ImageNet-1k,[]
88,vgg16_bn,torchvision.models,vgg,CNN,cnn,ImageNet-1k,[]
89,vgg19,torchvision.models,vgg,CNN,cnn,ImageNet-1k,[]
90,vgg19_bn,torchvision.models,vgg,CNN,cnn,ImageNet-1k,[]
91,xception41.tf_in1k,timm,xception,CNN,cnn,ImageNet-1k,[]
92,xception41p.ra3_in1k,timm,xception,CNN,cnn,ImageNet-1k,[]
93,xception65.ra3_in1k,timm,xception,CNN,cnn,ImageNet-1k,[]
94,xception65.tf_in1k,timm,xception,CNN,cnn,ImageNet-1k,[]
95,xception65p.ra3_in1k,timm,xception,CNN,cnn,ImageNet-1k,[]
96,xception71.tf_in1k,timm,xception,CNN,cnn,ImageNet-1k,[]
97,convnext-base-224,huggingface,convnext,ConvNeXt,cnn,ImageNet-1k,[]
98,convnext-base-224-22k-1k,huggingface,convnext,ConvNeXt,cnn,ImageNet-21k,[]
99,convnext-base-384,huggingface,convnext,ConvNeXt,cnn,ImageNet-1k,[]
100,convnext-base-384-22k-1k,huggingface,convnext,ConvNeXt,cnn,ImageNet-21k,[]
101,convnext-large-224,huggingface,convnext,ConvNeXt,cnn,ImageNet-1k,[]
102,convnext-large-384,huggingface,convnext,ConvNeXt,cnn,ImageNet-1k,[]
103,convnext-large-384-22k-1k,huggingface,convnext,ConvNeXt,cnn,ImageNet-21k,[]
104,convnext-small-224,huggingface,convnext,ConvNeXt,cnn,ImageNet-1k,[]
105,convnext-tiny-224,huggingface,convnext,ConvNeXt,cnn,ImageNet-1k,[]
106,convnext-xlarge-224-22k-1k,huggingface,convnext,ConvNeXt,cnn,ImageNet-21k,[]
107,convnext-xlarge-384-22k-1k,huggingface,convnext,ConvNeXt,cnn,ImageNet-21k,[]
108,convnext_atto.d2_in1k,timm,convnext,ConvNeXt,cnn,ImageNet-1k,[]
109,convnext_atto_ols.a2_in1k,timm,convnext,ConvNeXt,cnn,ImageNet-1k,[]
110,convnext_base,torchvision.models,convnext,ConvNeXt,cnn,ImageNet-1k,[]
111,convnext_base.clip_laion2b_augreg_ft_in12k_in1k,timm,convnext,ConvNeXt,cnn,LAION-2B,['CLIP Training']
112,convnext_base.clip_laion2b_augreg_ft_in12k_in1k_384,timm,convnext,ConvNeXt,cnn,LAION-2B,['CLIP Training']
113,convnext_base.clip_laion2b_augreg_ft_in1k,timm,convnext,ConvNeXt,cnn,LAION-2B,['CLIP Training']
114,convnext_femto.d1_in1k,timm,convnext,ConvNeXt,cnn,ImageNet-1k,[]
115,convnext_femto_ols.d1_in1k,timm,convnext,ConvNeXt,cnn,ImageNet-1k,[]
116,convnext_large,torchvision.models,convnext,ConvNeXt,cnn,ImageNet-1k,[]
117,convnext_large.fb_in22k_ft_in1k,timm,convnext,ConvNeXt,cnn,ImageNet-21k,[]
118,convnext_large_mlp.clip_laion2b_augreg_ft_in1k,timm,convnext,ConvNeXt,cnn,LAION-2B,['CLIP Training']
119,convnext_large_mlp.clip_laion2b_augreg_ft_in1k_384,timm,convnext,ConvNeXt,cnn,LAION-2B,['CLIP Training']
120,convnext_large_mlp.clip_laion2b_soup_ft_in12k_in1k_320,timm,convnext,ConvNeXt,cnn,LAION-2B,['CLIP Training']
121,convnext_large_mlp.clip_laion2b_soup_ft_in12k_in1k_384,timm,convnext,ConvNeXt,cnn,LAION-2B,['CLIP Training']
122,convnext_nano.d1h_in1k,timm,convnext,ConvNeXt,cnn,ImageNet-1k,[]
123,convnext_nano_ols.d1h_in1k,timm,convnext,ConvNeXt,cnn,ImageNet-1k,[]
124,convnext_pico.d1_in1k,timm,convnext,ConvNeXt,cnn,ImageNet-1k,[]
125,convnext_pico_ols.d1_in1k,timm,convnext,ConvNeXt,cnn,ImageNet-1k,[]
126,convnext_small,torchvision.models,convnext,ConvNeXt,cnn,ImageNet-1k,[]
127,convnext_small.fb_in22k_ft_in1k,timm,convnext,ConvNeXt,cnn,ImageNet-21k,[]
128,convnext_small.fb_in22k_ft_in1k_384,timm,convnext,ConvNeXt,cnn,ImageNet-21k,[]
129,convnext_tiny,torchvision.models,convnext,ConvNeXt,cnn,ImageNet-1k,[]
130,convnext_tiny.fb_in22k_ft_in1k,timm,convnext,ConvNeXt,cnn,ImageNet-21k,[]
131,convnext_tiny.fb_in22k_ft_in1k_384,timm,convnext,ConvNeXt,cnn,ImageNet-21k,[]
132,convnext_tiny_hnf.a2h_in1k,timm,convnext,ConvNeXt,cnn,ImageNet-1k,[]
133,convnext_xxlarge.clip_laion2b_soup_ft_in1k,timm,convnext,ConvNeXt,cnn,LAION-2B,['CLIP Training']
134,convnextv2_atto.fcmae_ft_in1k,timm,convnext,ConvNeXt,cnn,ImageNet-1k,['Self-Supervised Learning']
135,convnextv2_base.fcmae_ft_in1k,timm,convnext,ConvNeXt,cnn,ImageNet-1k,['Self-Supervised Learning']
136,convnextv2_base.fcmae_ft_in22k_in1k,timm,convnext,ConvNeXt,cnn,ImageNet-21k,['Self-Supervised Learning']
137,convnextv2_base.fcmae_ft_in22k_in1k_384,timm,convnext,ConvNeXt,cnn,ImageNet-21k,['Self-Supervised Learning']
138,convnextv2_femto.fcmae_ft_in1k,timm,convnext,ConvNeXt,cnn,ImageNet-1k,['Self-Supervised Learning']
139,convnextv2_huge.fcmae_ft_in1k,timm,convnext,ConvNeXt,cnn,ImageNet-1k,['Self-Supervised Learning']
140,convnextv2_huge.fcmae_ft_in22k_in1k_384,timm,convnext,ConvNeXt,cnn,ImageNet-21k,['Self-Supervised Learning']
141,convnextv2_huge.fcmae_ft_in22k_in1k_512,timm,convnext,ConvNeXt,cnn,ImageNet-21k,['Self-Supervised Learning']
142,convnextv2_large.fcmae_ft_in1k,timm,convnext,ConvNeXt,cnn,ImageNet-1k,['Self-Supervised Learning']
143,convnextv2_large.fcmae_ft_in22k_in1k,timm,convnext,ConvNeXt,cnn,ImageNet-21k,['Self-Supervised Learning']
144,convnextv2_large.fcmae_ft_in22k_in1k_384,timm,convnext,ConvNeXt,cnn,ImageNet-21k,['Self-Supervised Learning']
145,convnextv2_nano.fcmae_ft_in1k,timm,convnext,ConvNeXt,cnn,ImageNet-1k,['Self-Supervised Learning']
146,convnextv2_nano.fcmae_ft_in22k_in1k,timm,convnext,ConvNeXt,cnn,ImageNet-21k,['Self-Supervised Learning']
147,convnextv2_nano.fcmae_ft_in22k_in1k_384,timm,convnext,ConvNeXt,cnn,ImageNet-21k,['Self-Supervised Learning']
148,convnextv2_pico.fcmae_ft_in1k,timm,convnext,ConvNeXt,cnn,ImageNet-1k,['Self-Supervised Learning']
149,convnextv2_tiny.fcmae_ft_in1k,timm,convnext,ConvNeXt,cnn,ImageNet-1k,['Self-Supervised Learning']
150,convnextv2_tiny.fcmae_ft_in22k_in1k,timm,convnext,ConvNeXt,cnn,ImageNet-21k,['Self-Supervised Learning']
151,convnextv2_tiny.fcmae_ft_in22k_in1k_384,timm,convnext,ConvNeXt,cnn,ImageNet-21k,['Self-Supervised Learning']
152,efficientnet_b0.ra_in1k,timm,efficientnet,EfficientNet,cnn,ImageNet-1k,[]
153,efficientnet_b1.ft_in1k,timm,efficientnet,EfficientNet,cnn,ImageNet-1k,[]
154,efficientnet_b1_pruned.in1k,timm,efficientnet,EfficientNet,cnn,ImageNet-1k,['Distillation']
155,efficientnet_b2.ra_in1k,timm,efficientnet,EfficientNet,cnn,ImageNet-1k,[]
156,efficientnet_b2_pruned.in1k,timm,efficientnet,EfficientNet,cnn,ImageNet-1k,['Distillation']
157,efficientnet_b3.ra2_in1k,timm,efficientnet,EfficientNet,cnn,ImageNet-1k,[]
158,efficientnet_b3_pruned.in1k,timm,efficientnet,EfficientNet,cnn,ImageNet-1k,['Distillation']
159,efficientnet_b4.ra2_in1k,timm,efficientnet,EfficientNet,cnn,ImageNet-1k,[]
160,efficientnet_el.ra_in1k,timm,efficientnet,EfficientNet,cnn,ImageNet-1k,[]
161,efficientnet_el_pruned.in1k,timm,efficientnet,EfficientNet,cnn,ImageNet-1k,['Distillation']
162,efficientnet_em.ra2_in1k,timm,efficientnet,EfficientNet,cnn,ImageNet-1k,[]
163,efficientnet_es.ra_in1k,timm,efficientnet,EfficientNet,cnn,ImageNet-1k,[]
164,efficientnet_es_pruned.in1k,timm,efficientnet,EfficientNet,cnn,ImageNet-1k,['Distillation']
165,efficientnet_lite0.ra_in1k,timm,efficientnet,EfficientNet,cnn,ImageNet-1k,[]
166,efficientnetv2_rw_m.agc_in1k,timm,efficientnet,EfficientNet,cnn,ImageNet-1k,[]
167,efficientnetv2_rw_s.ra2_in1k,timm,efficientnet,EfficientNet,cnn,ImageNet-1k,[]
168,efficientnetv2_rw_t.ra2_in1k,timm,efficientnet,EfficientNet,cnn,ImageNet-1k,[]
169,gc_efficientnetv2_rw_t.agc_in1k,timm,efficientnet,EfficientNet,cnn,ImageNet-1k,[]
170,tf_efficientnet_b0.aa_in1k,timm,efficientnet,EfficientNet,cnn,ImageNet-1k,[]
171,tf_efficientnet_b0.ap_in1k,timm,efficientnet,EfficientNet,cnn,ImageNet-1k,['Adversarial Training']
172,tf_efficientnet_b0.in1k,timm,efficientnet,EfficientNet,cnn,ImageNet-1k,[]
173,tf_efficientnet_b0.ns_jft_in1k,timm,efficientnet,EfficientNet,cnn,JFT,['Semi-Supervised Learning']
174,tf_efficientnet_b1.aa_in1k,timm,efficientnet,EfficientNet,cnn,ImageNet-1k,[]
175,tf_efficientnet_b1.ap_in1k,timm,efficientnet,EfficientNet,cnn,ImageNet-1k,['Adversarial Training']
176,tf_efficientnet_b1.in1k,timm,efficientnet,EfficientNet,cnn,ImageNet-1k,[]
177,tf_efficientnet_b1.ns_jft_in1k,timm,efficientnet,EfficientNet,cnn,JFT,['Semi-Supervised Learning']
178,tf_efficientnet_b2.aa_in1k,timm,efficientnet,EfficientNet,cnn,ImageNet-1k,[]
179,tf_efficientnet_b2.ap_in1k,timm,efficientnet,EfficientNet,cnn,ImageNet-1k,['Adversarial Training']
180,tf_efficientnet_b2.in1k,timm,efficientnet,EfficientNet,cnn,ImageNet-1k,[]
181,tf_efficientnet_b2.ns_jft_in1k,timm,efficientnet,EfficientNet,cnn,JFT,['Semi-Supervised Learning']
182,tf_efficientnet_b3.aa_in1k,timm,efficientnet,EfficientNet,cnn,ImageNet-1k,[]
183,tf_efficientnet_b3.ap_in1k,timm,efficientnet,EfficientNet,cnn,ImageNet-1k,['Adversarial Training']
184,tf_efficientnet_b3.in1k,timm,efficientnet,EfficientNet,cnn,ImageNet-1k,[]
185,tf_efficientnet_b3.ns_jft_in1k,timm,efficientnet,EfficientNet,cnn,JFT,['Semi-Supervised Learning']
186,tf_efficientnet_b4.aa_in1k,timm,efficientnet,EfficientNet,cnn,ImageNet-1k,[]
187,tf_efficientnet_b4.ap_in1k,timm,efficientnet,EfficientNet,cnn,ImageNet-1k,['Adversarial Training']
188,tf_efficientnet_b4.in1k,timm,efficientnet,EfficientNet,cnn,ImageNet-1k,[]
189,tf_efficientnet_b4.ns_jft_in1k,timm,efficientnet,EfficientNet,cnn,JFT,['Semi-Supervised Learning']
190,tf_efficientnet_b5.aa_in1k,timm,efficientnet,EfficientNet,cnn,ImageNet-1k,[]
191,tf_efficientnet_b5.ap_in1k,timm,efficientnet,EfficientNet,cnn,ImageNet-1k,['Adversarial Training']
192,tf_efficientnet_b5.in1k,timm,efficientnet,EfficientNet,cnn,ImageNet-1k,[]
193,tf_efficientnet_b5.ns_jft_in1k,timm,efficientnet,EfficientNet,cnn,JFT,['Semi-Supervised Learning']
194,tf_efficientnet_b5.ra_in1k,timm,efficientnet,EfficientNet,cnn,ImageNet-1k,[]
195,tf_efficientnet_b6.aa_in1k,timm,efficientnet,EfficientNet,cnn,ImageNet-1k,[]
196,tf_efficientnet_b6.ap_in1k,timm,efficientnet,EfficientNet,cnn,ImageNet-1k,['Adversarial Training']
197,tf_efficientnet_b6.ns_jft_in1k,timm,efficientnet,EfficientNet,cnn,JFT,['Semi-Supervised Learning']
198,tf_efficientnet_b7.aa_in1k,timm,efficientnet,EfficientNet,cnn,ImageNet-1k,[]
199,tf_efficientnet_b7.ap_in1k,timm,efficientnet,EfficientNet,cnn,ImageNet-1k,['Adversarial Training']
200,tf_efficientnet_b7.ns_jft_in1k,timm,efficientnet,EfficientNet,cnn,JFT,['Semi-Supervised Learning']
201,tf_efficientnet_b7.ra_in1k,timm,efficientnet,EfficientNet,cnn,ImageNet-1k,[]
202,tf_efficientnet_b8.ap_in1k,timm,efficientnet,EfficientNet,cnn,ImageNet-1k,['Adversarial Training']
203,tf_efficientnet_b8.ra_in1k,timm,efficientnet,EfficientNet,cnn,ImageNet-1k,[]
204,tf_efficientnet_cc_b0_4e.in1k,timm,efficientnet,EfficientNet,cnn,ImageNet-1k,[]
205,tf_efficientnet_cc_b0_8e.in1k,timm,efficientnet,EfficientNet,cnn,ImageNet-1k,[]
206,tf_efficientnet_cc_b1_8e.in1k,timm,efficientnet,EfficientNet,cnn,ImageNet-1k,[]
207,tf_efficientnet_el.in1k,timm,efficientnet,EfficientNet,cnn,ImageNet-1k,[]
208,tf_efficientnet_em.in1k,timm,efficientnet,EfficientNet,cnn,ImageNet-1k,[]
209,tf_efficientnet_es.in1k,timm,efficientnet,EfficientNet,cnn,ImageNet-1k,[]
210,tf_efficientnet_l2.ns_jft_in1k,timm,efficientnet,EfficientNet,cnn,JFT,['Semi-Supervised Learning']
211,tf_efficientnet_l2.ns_jft_in1k_475,timm,efficientnet,EfficientNet,cnn,JFT,['Semi-Supervised Learning']
212,tf_efficientnet_lite0.in1k,timm,efficientnet,EfficientNet,cnn,ImageNet-1k,[]
213,tf_efficientnet_lite1.in1k,timm,efficientnet,EfficientNet,cnn,ImageNet-1k,[]
214,tf_efficientnet_lite2.in1k,timm,efficientnet,EfficientNet,cnn,ImageNet-1k,[]
215,tf_efficientnet_lite3.in1k,timm,efficientnet,EfficientNet,cnn,ImageNet-1k,[]
216,tf_efficientnet_lite4.in1k,timm,efficientnet,EfficientNet,cnn,ImageNet-1k,[]
217,tf_efficientnetv2_b0.in1k,timm,efficientnet,EfficientNet,cnn,ImageNet-1k,[]
218,tf_efficientnetv2_b1.in1k,timm,efficientnet,EfficientNet,cnn,ImageNet-1k,[]
219,tf_efficientnetv2_b2.in1k,timm,efficientnet,EfficientNet,cnn,ImageNet-1k,[]
220,tf_efficientnetv2_b3.in1k,timm,efficientnet,EfficientNet,cnn,ImageNet-1k,[]
221,tf_efficientnetv2_b3.in21k_ft_in1k,timm,efficientnet,EfficientNet,cnn,ImageNet-21k,[]
222,tf_efficientnetv2_l.in1k,timm,efficientnet,EfficientNet,cnn,ImageNet-1k,[]
223,tf_efficientnetv2_l.in21k_ft_in1k,timm,efficientnet,EfficientNet,cnn,ImageNet-21k,[]
224,tf_efficientnetv2_m.in1k,timm,efficientnet,EfficientNet,cnn,ImageNet-1k,[]
225,tf_efficientnetv2_m.in21k_ft_in1k,timm,efficientnet,EfficientNet,cnn,ImageNet-21k,[]
226,tf_efficientnetv2_s.in1k,timm,efficientnet,EfficientNet,cnn,ImageNet-1k,[]
227,tf_efficientnetv2_s.in21k_ft_in1k,timm,efficientnet,EfficientNet,cnn,ImageNet-21k,[]
228,tf_efficientnetv2_xl.in21k_ft_in1k,timm,efficientnet,EfficientNet,cnn,ImageNet-21k,[]
229,fbnetc_100.rmsp_in1k,timm,fbnet,EfficientNet,cnn,ImageNet-1k,[]
230,fbnetv3_b.ra2_in1k,timm,fbnet,EfficientNet,cnn,ImageNet-1k,[]
231,fbnetv3_d.ra2_in1k,timm,fbnet,EfficientNet,cnn,ImageNet-1k,[]
232,fbnetv3_g.ra2_in1k,timm,fbnet,EfficientNet,cnn,ImageNet-1k,[]
233,hardcorenas_a.miil_green_in1k,timm,hardcorenas,EfficientNet,cnn,ImageNet-1k,[]
234,hardcorenas_b.miil_green_in1k,timm,hardcorenas,EfficientNet,cnn,ImageNet-1k,[]
235,hardcorenas_c.miil_green_in1k,timm,hardcorenas,EfficientNet,cnn,ImageNet-1k,[]
236,hardcorenas_d.miil_green_in1k,timm,hardcorenas,EfficientNet,cnn,ImageNet-1k,[]
237,hardcorenas_e.miil_green_in1k,timm,hardcorenas,EfficientNet,cnn,ImageNet-1k,[]
238,hardcorenas_f.miil_green_in1k,timm,hardcorenas,EfficientNet,cnn,ImageNet-1k,[]
239,lcnet_050.ra2_in1k,timm,lcnet,EfficientNet,cnn,ImageNet-1k,[]
240,lcnet_075.ra2_in1k,timm,lcnet,EfficientNet,cnn,ImageNet-1k,[]
241,lcnet_100.ra2_in1k,timm,lcnet,EfficientNet,cnn,ImageNet-1k,[]
242,mixnet_l.ft_in1k,timm,mixnet,EfficientNet,cnn,ImageNet-1k,[]
243,mixnet_m.ft_in1k,timm,mixnet,EfficientNet,cnn,ImageNet-1k,[]
244,mixnet_s.ft_in1k,timm,mixnet,EfficientNet,cnn,ImageNet-1k,[]
245,mixnet_xl.ra_in1k,timm,mixnet,EfficientNet,cnn,ImageNet-1k,[]
246,tf_mixnet_l.in1k,timm,mixnet,EfficientNet,cnn,ImageNet-1k,[]
247,tf_mixnet_m.in1k,timm,mixnet,EfficientNet,cnn,ImageNet-1k,[]
248,tf_mixnet_s.in1k,timm,mixnet,EfficientNet,cnn,ImageNet-1k,[]
249,mnasnet0_5,torchvision.models,mnasnet,EfficientNet,cnn,ImageNet-1k,[]
250,mnasnet0_75,torchvision.models,mnasnet,EfficientNet,cnn,ImageNet-1k,[]
251,mnasnet1_0,torchvision.models,mnasnet,EfficientNet,cnn,ImageNet-1k,[]
252,mnasnet1_3,torchvision.models,mnasnet,EfficientNet,cnn,ImageNet-1k,[]
253,mnasnet_100.rmsp_in1k,timm,mnasnet,EfficientNet,cnn,ImageNet-1k,[]
254,mnasnet_small.lamb_in1k,timm,mnasnet,EfficientNet,cnn,ImageNet-1k,[]
255,semnasnet_075.rmsp_in1k,timm,mnasnet,EfficientNet,cnn,ImageNet-1k,[]
256,semnasnet_100.rmsp_in1k,timm,mnasnet,EfficientNet,cnn,ImageNet-1k,[]
257,mobilenet_v2,torchvision.models,mobilenet,EfficientNet,cnn,ImageNet-1k,[]
258,mobilenet_v3_large,torchvision.models,mobilenet,EfficientNet,cnn,ImageNet-1k,[]
259,mobilenet_v3_small,torchvision.models,mobilenet,EfficientNet,cnn,ImageNet-1k,[]
260,mobilenetv2_050.lamb_in1k,timm,mobilenet,EfficientNet,cnn,ImageNet-1k,[]
261,mobilenetv2_100.ra_in1k,timm,mobilenet,EfficientNet,cnn,ImageNet-1k,[]
262,mobilenetv2_110d.ra_in1k,timm,mobilenet,EfficientNet,cnn,ImageNet-1k,[]
263,mobilenetv2_120d.ra_in1k,timm,mobilenet,EfficientNet,cnn,ImageNet-1k,[]
264,mobilenetv2_140.ra_in1k,timm,mobilenet,EfficientNet,cnn,ImageNet-1k,[]
265,mobilenetv3_large_100.miil_in21k_ft_in1k,timm,mobilenet,EfficientNet,cnn,ImageNet-21k,[]
266,mobilenetv3_large_100.ra_in1k,timm,mobilenet,EfficientNet,cnn,ImageNet-1k,[]
267,mobilenetv3_rw.rmsp_in1k,timm,mobilenet,EfficientNet,cnn,ImageNet-1k,[]
268,mobilenetv3_small_050.lamb_in1k,timm,mobilenet,EfficientNet,cnn,ImageNet-1k,[]
269,mobilenetv3_small_075.lamb_in1k,timm,mobilenet,EfficientNet,cnn,ImageNet-1k,[]
270,mobilenetv3_small_100.lamb_in1k,timm,mobilenet,EfficientNet,cnn,ImageNet-1k,[]
271,tf_mobilenetv3_large_075.in1k,timm,mobilenet,EfficientNet,cnn,ImageNet-1k,[]
272,tf_mobilenetv3_large_100.in1k,timm,mobilenet,EfficientNet,cnn,ImageNet-1k,[]
273,tf_mobilenetv3_large_minimal_100.in1k,timm,mobilenet,EfficientNet,cnn,ImageNet-1k,[]
274,tf_mobilenetv3_small_075.in1k,timm,mobilenet,EfficientNet,cnn,ImageNet-1k,[]
275,tf_mobilenetv3_small_100.in1k,timm,mobilenet,EfficientNet,cnn,ImageNet-1k,[]
276,tf_mobilenetv3_small_minimal_100.in1k,timm,mobilenet,EfficientNet,cnn,ImageNet-1k,[]
277,rexnet_100.nav_in1k,timm,rexnet,EfficientNet,cnn,ImageNet-1k,[]
278,rexnet_130.nav_in1k,timm,rexnet,EfficientNet,cnn,ImageNet-1k,[]
279,rexnet_150.nav_in1k,timm,rexnet,EfficientNet,cnn,ImageNet-1k,[]
280,rexnet_200.nav_in1k,timm,rexnet,EfficientNet,cnn,ImageNet-1k,[]
281,rexnet_300.nav_in1k,timm,rexnet,EfficientNet,cnn,ImageNet-1k,[]
282,shufflenet_v2_x0_5,torchvision.models,shufflenet,EfficientNet,cnn,ImageNet-1k,[]
283,shufflenet_v2_x1_0,torchvision.models,shufflenet,EfficientNet,cnn,ImageNet-1k,[]
284,shufflenet_v2_x1_5,torchvision.models,shufflenet,EfficientNet,cnn,ImageNet-1k,[]
285,shufflenet_v2_x2_0,torchvision.models,shufflenet,EfficientNet,cnn,ImageNet-1k,[]
286,squeezenet1_0,torchvision.models,squeezenet,EfficientNet,cnn,ImageNet-1k,[]
287,squeezenet1_1,torchvision.models,squeezenet,EfficientNet,cnn,ImageNet-1k,[]
288,tinynet_a.in1k,timm,tinynet,EfficientNet,cnn,ImageNet-1k,[]
289,tinynet_b.in1k,timm,tinynet,EfficientNet,cnn,ImageNet-1k,[]
290,tinynet_c.in1k,timm,tinynet,EfficientNet,cnn,ImageNet-1k,[]
291,tinynet_d.in1k,timm,tinynet,EfficientNet,cnn,ImageNet-1k,[]
292,tinynet_e.in1k,timm,tinynet,EfficientNet,cnn,ImageNet-1k,[]
293,convformer_b36.sail_in1k,timm,convformer,MetaFormer,cnn,ImageNet-1k,[]
294,convformer_b36.sail_in1k_384,timm,convformer,MetaFormer,cnn,ImageNet-1k,[]
295,convformer_b36.sail_in22k_ft_in1k,timm,convformer,MetaFormer,cnn,ImageNet-21k,[]
296,convformer_b36.sail_in22k_ft_in1k_384,timm,convformer,MetaFormer,cnn,ImageNet-21k,[]
297,convformer_m36.sail_in1k,timm,convformer,MetaFormer,cnn,ImageNet-1k,[]
298,convformer_m36.sail_in1k_384,timm,convformer,MetaFormer,cnn,ImageNet-1k,[]
299,convformer_m36.sail_in22k_ft_in1k,timm,convformer,MetaFormer,cnn,ImageNet-21k,[]
300,convformer_m36.sail_in22k_ft_in1k_384,timm,convformer,MetaFormer,cnn,ImageNet-21k,[]
301,convformer_s18.sail_in1k,timm,convformer,MetaFormer,cnn,ImageNet-1k,[]
302,convformer_s18.sail_in1k_384,timm,convformer,MetaFormer,cnn,ImageNet-1k,[]
303,convformer_s18.sail_in22k_ft_in1k,timm,convformer,MetaFormer,cnn,ImageNet-21k,[]
304,convformer_s18.sail_in22k_ft_in1k_384,timm,convformer,MetaFormer,cnn,ImageNet-21k,[]
305,convformer_s36.sail_in1k,timm,convformer,MetaFormer,cnn,ImageNet-1k,[]
306,convformer_s36.sail_in1k_384,timm,convformer,MetaFormer,cnn,ImageNet-1k,[]
307,convformer_s36.sail_in22k_ft_in1k,timm,convformer,MetaFormer,cnn,ImageNet-21k,[]
308,convformer_s36.sail_in22k_ft_in1k_384,timm,convformer,MetaFormer,cnn,ImageNet-21k,[]
309,regnet_x_16gf,torchvision.models,regnet,RegNet,cnn,ImageNet-1k,[]
310,regnet_x_1_6gf,torchvision.models,regnet,RegNet,cnn,ImageNet-1k,[]
311,regnet_x_32gf,torchvision.models,regnet,RegNet,cnn,ImageNet-1k,[]
312,regnet_x_3_2gf,torchvision.models,regnet,RegNet,cnn,ImageNet-1k,[]
313,regnet_x_400mf,torchvision.models,regnet,RegNet,cnn,ImageNet-1k,[]
314,regnet_x_800mf,torchvision.models,regnet,RegNet,cnn,ImageNet-1k,[]
315,regnet_x_8gf,torchvision.models,regnet,RegNet,cnn,ImageNet-1k,[]
316,regnet_y_128gf_swag,torchvision.models,regnet,RegNet,cnn,Instagram,['Semi-Supervised Learning']
317,regnet_y_16gf,torchvision.models,regnet,RegNet,cnn,ImageNet-1k,[]
318,regnet_y_16gf_swag,torchvision.models,regnet,RegNet,cnn,Instagram,['Semi-Supervised Learning']
319,regnet_y_1_6gf,torchvision.models,regnet,RegNet,cnn,ImageNet-1k,[]
320,regnet_y_32gf,torchvision.models,regnet,RegNet,cnn,ImageNet-1k,[]
321,regnet_y_32gf_swag,torchvision.models,regnet,RegNet,cnn,Instagram,['Semi-Supervised Learning']
322,regnet_y_3_2gf,torchvision.models,regnet,RegNet,cnn,ImageNet-1k,[]
323,regnet_y_400mf,torchvision.models,regnet,RegNet,cnn,ImageNet-1k,[]
324,regnet_y_800mf,torchvision.models,regnet,RegNet,cnn,ImageNet-1k,[]
325,regnet_y_8gf,torchvision.models,regnet,RegNet,cnn,ImageNet-1k,[]
326,regnetv_040.ra3_in1k,timm,regnet,RegNet,cnn,ImageNet-1k,[]
327,regnetv_064.ra3_in1k,timm,regnet,RegNet,cnn,ImageNet-1k,[]
328,regnetx_002.pycls_in1k,timm,regnet,RegNet,cnn,ImageNet-1k,[]
329,regnetx_004.pycls_in1k,timm,regnet,RegNet,cnn,ImageNet-1k,[]
330,regnetx_006.pycls_in1k,timm,regnet,RegNet,cnn,ImageNet-1k,[]
331,regnetx_008.pycls_in1k,timm,regnet,RegNet,cnn,ImageNet-1k,[]
332,regnetx_016.pycls_in1k,timm,regnet,RegNet,cnn,ImageNet-1k,[]
333,regnetx_032.pycls_in1k,timm,regnet,RegNet,cnn,ImageNet-1k,[]
334,regnetx_040.pycls_in1k,timm,regnet,RegNet,cnn,ImageNet-1k,[]
335,regnetx_064.pycls_in1k,timm,regnet,RegNet,cnn,ImageNet-1k,[]
336,regnetx_080.pycls_in1k,timm,regnet,RegNet,cnn,ImageNet-1k,[]
337,regnetx_120.pycls_in1k,timm,regnet,RegNet,cnn,ImageNet-1k,[]
338,regnetx_160.pycls_in1k,timm,regnet,RegNet,cnn,ImageNet-1k,[]
339,regnetx_320.pycls_in1k,timm,regnet,RegNet,cnn,ImageNet-1k,[]
340,regnety_002.pycls_in1k,timm,regnet,RegNet,cnn,ImageNet-1k,[]
341,regnety_004.pycls_in1k,timm,regnet,RegNet,cnn,ImageNet-1k,[]
342,regnety_006.pycls_in1k,timm,regnet,RegNet,cnn,ImageNet-1k,[]
343,regnety_008.pycls_in1k,timm,regnet,RegNet,cnn,ImageNet-1k,[]
344,regnety_016.pycls_in1k,timm,regnet,RegNet,cnn,ImageNet-1k,[]
345,regnety_032.pycls_in1k,timm,regnet,RegNet,cnn,ImageNet-1k,[]
346,regnety_032.ra_in1k,timm,regnet,RegNet,cnn,ImageNet-1k,[]
347,regnety_040.pycls_in1k,timm,regnet,RegNet,cnn,ImageNet-1k,[]
348,regnety_040.ra3_in1k,timm,regnet,RegNet,cnn,ImageNet-1k,[]
349,regnety_064.pycls_in1k,timm,regnet,RegNet,cnn,ImageNet-1k,[]
350,regnety_064.ra3_in1k,timm,regnet,RegNet,cnn,ImageNet-1k,[]
351,regnety_080.pycls_in1k,timm,regnet,RegNet,cnn,ImageNet-1k,[]
352,regnety_080.ra3_in1k,timm,regnet,RegNet,cnn,ImageNet-1k,[]
353,regnety_120.pycls_in1k,timm,regnet,RegNet,cnn,ImageNet-1k,[]
354,regnety_1280.seer_ft_in1k,timm,regnet,RegNet,cnn,RandomInternetImages,['Self-Supervised Learning']
355,regnety_160.deit_in1k,timm,regnet,RegNet,cnn,ImageNet-1k,[]
356,regnety_160.pycls_in1k,timm,regnet,RegNet,cnn,ImageNet-1k,[]
357,regnety_2560.seer_ft_in1k,timm,regnet,RegNet,cnn,RandomInternetImages,['Self-Supervised Learning']
358,regnety_320.pycls_in1k,timm,regnet,RegNet,cnn,ImageNet-1k,[]
359,regnety_320.seer_ft_in1k,timm,regnet,RegNet,cnn,RandomInternetImages,['Self-Supervised Learning']
360,regnety_640.seer_ft_in1k,timm,regnet,RegNet,cnn,RandomInternetImages,['Self-Supervised Learning']
361,regnetz_040.ra3_in1k,timm,regnet,RegNet,cnn,ImageNet-1k,[]
362,regnetz_040_h.ra3_in1k,timm,regnet,RegNet,cnn,ImageNet-1k,[]
363,regnetz_b16.ra3_in1k,timm,regnet,RegNet,cnn,ImageNet-1k,[]
364,regnetz_c16.ra3_in1k,timm,regnet,RegNet,cnn,ImageNet-1k,[]
365,regnetz_c16_evos.ch_in1k,timm,regnet,RegNet,cnn,ImageNet-1k,[]
366,regnetz_d32.ra3_in1k,timm,regnet,RegNet,cnn,ImageNet-1k,[]
367,regnetz_d8.ra3_in1k,timm,regnet,RegNet,cnn,ImageNet-1k,[]
368,regnetz_d8_evos.ch_in1k,timm,regnet,RegNet,cnn,ImageNet-1k,[]
369,regnetz_e8.ra3_in1k,timm,regnet,RegNet,cnn,ImageNet-1k,[]
370,eca_resnet33ts.ra2_in1k,timm,ecaresnet,ResNet,cnn,ImageNet-1k,[]
371,eca_resnext26ts.ch_in1k,timm,ecaresnet,ResNet,cnn,ImageNet-1k,[]
372,ecaresnet101d.miil_in1k,timm,ecaresnet,ResNet,cnn,ImageNet-1k,[]
373,ecaresnet101d_pruned.miil_in1k,timm,ecaresnet,ResNet,cnn,ImageNet-1k,['Distillation']
374,ecaresnet269d.ra2_in1k,timm,ecaresnet,ResNet,cnn,ImageNet-1k,[]
375,ecaresnet26t.ra2_in1k,timm,ecaresnet,ResNet,cnn,ImageNet-1k,[]
376,ecaresnet50d.miil_in1k,timm,ecaresnet,ResNet,cnn,ImageNet-1k,[]
377,ecaresnet50d_pruned.miil_in1k,timm,ecaresnet,ResNet,cnn,ImageNet-1k,['Distillation']
378,ecaresnet50t.a1_in1k,timm,ecaresnet,ResNet,cnn,ImageNet-1k,[]
379,ecaresnet50t.a2_in1k,timm,ecaresnet,ResNet,cnn,ImageNet-1k,[]
380,ecaresnet50t.a3_in1k,timm,ecaresnet,ResNet,cnn,ImageNet-1k,[]
381,ecaresnet50t.ra2_in1k,timm,ecaresnet,ResNet,cnn,ImageNet-1k,[]
382,ecaresnetlight.miil_in1k,timm,ecaresnet,ResNet,cnn,ImageNet-1k,[]
383,eca_halonext26ts.c1_in1k,timm,halonet,ResNet,cnn,ImageNet-1k,[]
384,halonet26t.a1h_in1k,timm,halonet,ResNet,cnn,ImageNet-1k,[]
385,halonet50ts.a1h_in1k,timm,halonet,ResNet,cnn,ImageNet-1k,[]
386,sehalonet33ts.ra2_in1k,timm,halonet,ResNet,cnn,ImageNet-1k,[]
387,lambda_resnet26rpt_256.c1_in1k,timm,lambda_resnet,ResNet,cnn,ImageNet-1k,[]
388,lambda_resnet26t.c1_in1k,timm,lambda_resnet,ResNet,cnn,ImageNet-1k,[]
389,lambda_resnet50ts.a1h_in1k,timm,lambda_resnet,ResNet,cnn,ImageNet-1k,[]
390,dla60_res2net.in1k,timm,res2net,ResNet,cnn,ImageNet-1k,[]
391,dla60_res2next.in1k,timm,res2net,ResNet,cnn,ImageNet-1k,[]
392,res2net101_26w_4s.in1k,timm,res2net,ResNet,cnn,ImageNet-1k,[]
393,res2net101d.in1k,timm,res2net,ResNet,cnn,ImageNet-1k,[]
394,res2net50_14w_8s.in1k,timm,res2net,ResNet,cnn,ImageNet-1k,[]
395,res2net50_26w_4s.in1k,timm,res2net,ResNet,cnn,ImageNet-1k,[]
396,res2net50_26w_6s.in1k,timm,res2net,ResNet,cnn,ImageNet-1k,[]
397,res2net50_26w_8s.in1k,timm,res2net,ResNet,cnn,ImageNet-1k,[]
398,res2net50_48w_2s.in1k,timm,res2net,ResNet,cnn,ImageNet-1k,[]
399,res2net50d.in1k,timm,res2net,ResNet,cnn,ImageNet-1k,[]
400,res2next50.in1k,timm,res2net,ResNet,cnn,ImageNet-1k,[]
401,resnest101e.in1k,timm,resnest,ResNet,cnn,ImageNet-1k,[]
402,resnest14d.gluon_in1k,timm,resnest,ResNet,cnn,ImageNet-1k,[]
403,resnest200e.in1k,timm,resnest,ResNet,cnn,ImageNet-1k,[]
404,resnest269e.in1k,timm,resnest,ResNet,cnn,ImageNet-1k,[]
405,resnest26d.gluon_in1k,timm,resnest,ResNet,cnn,ImageNet-1k,[]
406,resnest50d.in1k,timm,resnest,ResNet,cnn,ImageNet-1k,[]
407,resnest50d_1s4x24d.in1k,timm,resnest,ResNet,cnn,ImageNet-1k,[]
408,resnest50d_4s2x40d.in1k,timm,resnest,ResNet,cnn,ImageNet-1k,[]
409,cspresnet50.ra_in1k,timm,resnet,ResNet,cnn,ImageNet-1k,[]
410,gcresnet33ts.ra2_in1k,timm,resnet,ResNet,cnn,ImageNet-1k,[]
411,gcresnet50t.ra2_in1k,timm,resnet,ResNet,cnn,ImageNet-1k,[]
412,inception_resnet_v2.tf_ens_adv_in1k,timm,resnet,ResNet,cnn,ImageNet-1k,['Adversarial Training']
413,inception_resnet_v2.tf_in1k,timm,resnet,ResNet,cnn,ImageNet-1k,[]
414,resnet101,torchvision.models,resnet,ResNet,cnn,ImageNet-1k,[]
415,resnet101.a1_in1k,timm,resnet,ResNet,cnn,ImageNet-1k,[]
416,resnet101.a1h_in1k,timm,resnet,ResNet,cnn,ImageNet-1k,[]
417,resnet101.a2_in1k,timm,resnet,ResNet,cnn,ImageNet-1k,[]
418,resnet101.a3_in1k,timm,resnet,ResNet,cnn,ImageNet-1k,[]
419,resnet101.gluon_in1k,timm,resnet,ResNet,cnn,ImageNet-1k,[]
420,resnet101c.gluon_in1k,timm,resnet,ResNet,cnn,ImageNet-1k,[]
421,resnet101d.gluon_in1k,timm,resnet,ResNet,cnn,ImageNet-1k,[]
422,resnet101d.ra2_in1k,timm,resnet,ResNet,cnn,ImageNet-1k,[]
423,resnet101s.gluon_in1k,timm,resnet,ResNet,cnn,ImageNet-1k,[]
424,resnet10t.c3_in1k,timm,resnet,ResNet,cnn,ImageNet-1k,[]
425,resnet14t.c3_in1k,timm,resnet,ResNet,cnn,ImageNet-1k,[]
426,resnet152,torchvision.models,resnet,ResNet,cnn,ImageNet-1k,[]
427,resnet152.a1_in1k,timm,resnet,ResNet,cnn,ImageNet-1k,[]
428,resnet152.a1h_in1k,timm,resnet,ResNet,cnn,ImageNet-1k,[]
429,resnet152.a2_in1k,timm,resnet,ResNet,cnn,ImageNet-1k,[]
430,resnet152.a3_in1k,timm,resnet,ResNet,cnn,ImageNet-1k,[]
431,resnet152.gluon_in1k,timm,resnet,ResNet,cnn,ImageNet-1k,[]
432,resnet152c.gluon_in1k,timm,resnet,ResNet,cnn,ImageNet-1k,[]
433,resnet152d.gluon_in1k,timm,resnet,ResNet,cnn,ImageNet-1k,[]
434,resnet152d.ra2_in1k,timm,resnet,ResNet,cnn,ImageNet-1k,[]
435,resnet152s.gluon_in1k,timm,resnet,ResNet,cnn,ImageNet-1k,[]
436,resnet18,torchvision.models,resnet,ResNet,cnn,ImageNet-1k,[]
437,resnet18.a1_in1k,timm,resnet,ResNet,cnn,ImageNet-1k,[]
438,resnet18.a2_in1k,timm,resnet,ResNet,cnn,ImageNet-1k,[]
439,resnet18.a3_in1k,timm,resnet,ResNet,cnn,ImageNet-1k,[]
440,resnet18.gluon_in1k,timm,resnet,ResNet,cnn,ImageNet-1k,[]
441,resnet18_ssl,torch.hub,resnet,ResNet,cnn,Flickr YFCC,['Semi-Supervised Learning']
442,resnet18_swsl,torch.hub,resnet,ResNet,cnn,Instagram,['Semi-Supervised Learning']
443,resnet18d.ra2_in1k,timm,resnet,ResNet,cnn,ImageNet-1k,[]
444,resnet200d.ra2_in1k,timm,resnet,ResNet,cnn,ImageNet-1k,[]
445,resnet26.bt_in1k,timm,resnet,ResNet,cnn,ImageNet-1k,[]
446,resnet26d.bt_in1k,timm,resnet,ResNet,cnn,ImageNet-1k,[]
447,resnet26t.ra2_in1k,timm,resnet,ResNet,cnn,ImageNet-1k,[]
448,resnet32ts.ra2_in1k,timm,resnet,ResNet,cnn,ImageNet-1k,[]
449,resnet33ts.ra2_in1k,timm,resnet,ResNet,cnn,ImageNet-1k,[]
450,resnet34,torchvision.models,resnet,ResNet,cnn,ImageNet-1k,[]
451,resnet34.a1_in1k,timm,resnet,ResNet,cnn,ImageNet-1k,[]
452,resnet34.a2_in1k,timm,resnet,ResNet,cnn,ImageNet-1k,[]
453,resnet34.a3_in1k,timm,resnet,ResNet,cnn,ImageNet-1k,[]
454,resnet34.bt_in1k,timm,resnet,ResNet,cnn,ImageNet-1k,[]
455,resnet34.gluon_in1k,timm,resnet,ResNet,cnn,ImageNet-1k,[]
456,resnet34d.ra2_in1k,timm,resnet,ResNet,cnn,ImageNet-1k,[]
457,resnet50,torchvision.models,resnet,ResNet,cnn,ImageNet-1k,[]
458,resnet50.a1_in1k,timm,resnet,ResNet,cnn,ImageNet-1k,[]
459,resnet50.a1h_in1k,timm,resnet,ResNet,cnn,ImageNet-1k,[]
460,resnet50.a2_in1k,timm,resnet,ResNet,cnn,ImageNet-1k,[]
461,resnet50.a3_in1k,timm,resnet,ResNet,cnn,ImageNet-1k,[]
462,resnet50.am_in1k,timm,resnet,ResNet,cnn,ImageNet-1k,[]
463,resnet50.b1k_in1k,timm,resnet,ResNet,cnn,ImageNet-1k,[]
464,resnet50.b2k_in1k,timm,resnet,ResNet,cnn,ImageNet-1k,[]
465,resnet50.bt_in1k,timm,resnet,ResNet,cnn,ImageNet-1k,[]
466,resnet50.c1_in1k,timm,resnet,ResNet,cnn,ImageNet-1k,[]
467,resnet50.c2_in1k,timm,resnet,ResNet,cnn,ImageNet-1k,[]
468,resnet50.d_in1k,timm,resnet,ResNet,cnn,ImageNet-1k,[]
469,resnet50.gluon_in1k,timm,resnet,ResNet,cnn,ImageNet-1k,[]
470,resnet50.ra_in1k,timm,resnet,ResNet,cnn,ImageNet-1k,[]
471,resnet50.ram_in1k,timm,resnet,ResNet,cnn,ImageNet-1k,[]
472,resnet50_gn.a1h_in1k,timm,resnet,ResNet,cnn,ImageNet-1k,[]
473,resnet50_ssl,torch.hub,resnet,ResNet,cnn,Flickr YFCC,['Semi-Supervised Learning']
474,resnet50_swsl,torch.hub,resnet,ResNet,cnn,Instagram,['Semi-Supervised Learning']
475,resnet50c.gluon_in1k,timm,resnet,ResNet,cnn,ImageNet-1k,[]
476,resnet50d.a1_in1k,timm,resnet,ResNet,cnn,ImageNet-1k,[]
477,resnet50d.a2_in1k,timm,resnet,ResNet,cnn,ImageNet-1k,[]
478,resnet50d.a3_in1k,timm,resnet,ResNet,cnn,ImageNet-1k,[]
479,resnet50d.gluon_in1k,timm,resnet,ResNet,cnn,ImageNet-1k,[]
480,resnet50d.ra2_in1k,timm,resnet,ResNet,cnn,ImageNet-1k,[]
481,resnet50s.gluon_in1k,timm,resnet,ResNet,cnn,ImageNet-1k,[]
482,resnet51q.ra2_in1k,timm,resnet,ResNet,cnn,ImageNet-1k,[]
483,resnet61q.ra2_in1k,timm,resnet,ResNet,cnn,ImageNet-1k,[]
484,resnetaa50.a1h_in1k,timm,resnet,ResNet,cnn,ImageNet-1k,[]
485,resnetblur50.bt_in1k,timm,resnet,ResNet,cnn,ImageNet-1k,[]
486,resnetrs101.tf_in1k,timm,resnet,ResNet,cnn,ImageNet-1k,[]
487,resnetrs152.tf_in1k,timm,resnet,ResNet,cnn,ImageNet-1k,[]
488,resnetrs200.tf_in1k,timm,resnet,ResNet,cnn,ImageNet-1k,[]
489,resnetrs270.tf_in1k,timm,resnet,ResNet,cnn,ImageNet-1k,[]
490,resnetrs350.tf_in1k,timm,resnet,ResNet,cnn,ImageNet-1k,[]
491,resnetrs420.tf_in1k,timm,resnet,ResNet,cnn,ImageNet-1k,[]
492,resnetrs50.tf_in1k,timm,resnet,ResNet,cnn,ImageNet-1k,[]
493,resnetv2_101.a1h_in1k,timm,resnet,ResNet,cnn,ImageNet-1k,[]
494,resnetv2_101x1_bit.goog_in21k_ft_in1k,timm,resnet,ResNet,cnn,ImageNet-21k,[]
495,resnetv2_101x3_bit.goog_in21k_ft_in1k,timm,resnet,ResNet,cnn,ImageNet-21k,[]
496,resnetv2_152x2_bit.goog_in21k_ft_in1k,timm,resnet,ResNet,cnn,ImageNet-21k,[]
497,resnetv2_152x2_bit.goog_teacher_in21k_ft_in1k,timm,resnet,ResNet,cnn,ImageNet-21k,[]
498,resnetv2_152x2_bit.goog_teacher_in21k_ft_in1k_384,timm,resnet,ResNet,cnn,ImageNet-21k,[]
499,resnetv2_152x4_bit.goog_in21k_ft_in1k,timm,resnet,ResNet,cnn,ImageNet-21k,[]
500,resnetv2_50.a1h_in1k,timm,resnet,ResNet,cnn,ImageNet-1k,[]
501,resnetv2_50d_evos.ah_in1k,timm,resnet,ResNet,cnn,ImageNet-1k,[]
502,resnetv2_50d_gn.ah_in1k,timm,resnet,ResNet,cnn,ImageNet-1k,[]
503,resnetv2_50x1_bit.goog_distilled_in1k,timm,resnet,ResNet,cnn,ImageNet-21k,['Distillation']
504,resnetv2_50x1_bit.goog_in21k_ft_in1k,timm,resnet,ResNet,cnn,ImageNet-21k,[]
505,resnetv2_50x3_bit.goog_in21k_ft_in1k,timm,resnet,ResNet,cnn,ImageNet-21k,[]
506,bat_resnext26ts.ch_in1k,timm,resnext,ResNet,cnn,ImageNet-1k,[]
507,cspresnext50.ra_in1k,timm,resnext,ResNet,cnn,ImageNet-1k,[]
508,gcresnext26ts.ch_in1k,timm,resnext,ResNet,cnn,ImageNet-1k,[]
509,gcresnext50ts.ch_in1k,timm,resnext,ResNet,cnn,ImageNet-1k,[]
510,resnext101_32x16d_ssl,torch.hub,resnext,ResNet,cnn,Flickr YFCC,['Semi-Supervised Learning']
511,resnext101_32x16d_swsl,torch.hub,resnext,ResNet,cnn,Instagram,['Semi-Supervised Learning']
512,resnext101_32x16d_wsl,torch.hub,resnext,ResNet,cnn,Instagram,['Semi-Supervised Learning']
513,resnext101_32x32d_wsl,torch.hub,resnext,ResNet,cnn,Instagram,['Semi-Supervised Learning']
514,resnext101_32x48d_wsl,torch.hub,resnext,ResNet,cnn,Instagram,['Semi-Supervised Learning']
515,resnext101_32x4d.gluon_in1k,timm,resnext,ResNet,cnn,ImageNet-1k,[]
516,resnext101_32x4d_ssl,torch.hub,resnext,ResNet,cnn,Flickr YFCC,['Semi-Supervised Learning']
517,resnext101_32x4d_swsl,torch.hub,resnext,ResNet,cnn,Instagram,['Semi-Supervised Learning']
518,resnext101_32x8d,torchvision.models,resnext,ResNet,cnn,ImageNet-1k,[]
519,resnext101_32x8d_ssl,torch.hub,resnext,ResNet,cnn,Flickr YFCC,['Semi-Supervised Learning']
520,resnext101_32x8d_swsl,torch.hub,resnext,ResNet,cnn,Instagram,['Semi-Supervised Learning']
521,resnext101_32x8d_wsl,torch.hub,resnext,ResNet,cnn,Instagram,['Semi-Supervised Learning']
522,resnext101_64x4d,torchvision.models,resnext,ResNet,cnn,ImageNet-1k,[]
523,resnext101_64x4d.c1_in1k,timm,resnext,ResNet,cnn,ImageNet-1k,[]
524,resnext101_64x4d.gluon_in1k,timm,resnext,ResNet,cnn,ImageNet-1k,[]
525,resnext26ts.ra2_in1k,timm,resnext,ResNet,cnn,ImageNet-1k,[]
526,resnext50_32x4d,torchvision.models,resnext,ResNet,cnn,ImageNet-1k,[]
527,resnext50_32x4d.a1_in1k,timm,resnext,ResNet,cnn,ImageNet-1k,[]
528,resnext50_32x4d.a1h_in1k,timm,resnext,ResNet,cnn,ImageNet-1k,[]
529,resnext50_32x4d.a2_in1k,timm,resnext,ResNet,cnn,ImageNet-1k,[]
530,resnext50_32x4d.a3_in1k,timm,resnext,ResNet,cnn,ImageNet-1k,[]
531,resnext50_32x4d.gluon_in1k,timm,resnext,ResNet,cnn,ImageNet-1k,[]
532,resnext50_32x4d.ra_in1k,timm,resnext,ResNet,cnn,ImageNet-1k,[]
533,resnext50_32x4d_ssl,torch.hub,resnext,ResNet,cnn,Flickr YFCC,['Semi-Supervised Learning']
534,resnext50_32x4d_swsl,torch.hub,resnext,ResNet,cnn,Instagram,['Semi-Supervised Learning']
535,resnext50d_32x4d.bt_in1k,timm,resnext,ResNet,cnn,ImageNet-1k,[]
536,seresnet152d.ra2_in1k,timm,seresnet,ResNet,cnn,ImageNet-1k,[]
537,seresnet33ts.ra2_in1k,timm,seresnet,ResNet,cnn,ImageNet-1k,[]
538,seresnet50.a1_in1k,timm,seresnet,ResNet,cnn,ImageNet-1k,[]
539,seresnet50.a2_in1k,timm,seresnet,ResNet,cnn,ImageNet-1k,[]
540,seresnet50.a3_in1k,timm,seresnet,ResNet,cnn,ImageNet-1k,[]
541,seresnet50.ra2_in1k,timm,seresnet,ResNet,cnn,ImageNet-1k,[]
542,seresnext101_32x4d.gluon_in1k,timm,seresnext,ResNet,cnn,ImageNet-1k,[]
543,seresnext101_32x8d.ah_in1k,timm,seresnext,ResNet,cnn,ImageNet-1k,[]
544,seresnext101_64x4d.gluon_in1k,timm,seresnext,ResNet,cnn,ImageNet-1k,[]
545,seresnext101d_32x8d.ah_in1k,timm,seresnext,ResNet,cnn,ImageNet-1k,[]
546,seresnext26d_32x4d.bt_in1k,timm,seresnext,ResNet,cnn,ImageNet-1k,[]
547,seresnext26t_32x4d.bt_in1k,timm,seresnext,ResNet,cnn,ImageNet-1k,[]
548,seresnext26ts.ch_in1k,timm,seresnext,ResNet,cnn,ImageNet-1k,[]
549,seresnext50_32x4d.gluon_in1k,timm,seresnext,ResNet,cnn,ImageNet-1k,[]
550,seresnext50_32x4d.racm_in1k,timm,seresnext,ResNet,cnn,ImageNet-1k,[]
551,seresnextaa101d_32x8d.ah_in1k,timm,seresnext,ResNet,cnn,ImageNet-1k,[]
552,skresnet18.ra_in1k,timm,skresnet,ResNet,cnn,ImageNet-1k,[]
553,skresnet34.ra_in1k,timm,skresnet,ResNet,cnn,ImageNet-1k,[]
554,skresnext50_32x4d.ra_in1k,timm,skresnet,ResNet,cnn,ImageNet-1k,[]
555,tresnet_l.miil_in1k,timm,tresnet,ResNet,cnn,ImageNet-1k,[]
556,tresnet_l.miil_in1k_448,timm,tresnet,ResNet,cnn,ImageNet-1k,[]
557,tresnet_m.miil_in1k,timm,tresnet,ResNet,cnn,ImageNet-1k,[]
558,tresnet_m.miil_in1k_448,timm,tresnet,ResNet,cnn,ImageNet-1k,[]
559,tresnet_m.miil_in21k_ft_in1k,timm,tresnet,ResNet,cnn,ImageNet-21k,[]
560,tresnet_v2_l.miil_in21k_ft_in1k,timm,tresnet,ResNet,cnn,ImageNet-21k,[]
561,tresnet_xl.miil_in1k,timm,tresnet,ResNet,cnn,ImageNet-1k,[]
562,tresnet_xl.miil_in1k_448,timm,tresnet,ResNet,cnn,ImageNet-1k,[]
563,wide_resnet101_2,torchvision.models,wide_resnet,ResNet,cnn,ImageNet-1k,[]
564,wide_resnet50_2,torchvision.models,wide_resnet,ResNet,cnn,ImageNet-1k,[]
565,wide_resnet50_2.racm_in1k,timm,wide_resnet,ResNet,cnn,ImageNet-1k,[]
566,edgenext_base.in21k_ft_in1k,timm,edgenext,Hybrid,hybrid,ImageNet-21k,[]
567,edgenext_base.usi_in1k,timm,edgenext,Hybrid,hybrid,ImageNet-1k,['Distillation']
568,edgenext_small.usi_in1k,timm,edgenext,Hybrid,hybrid,ImageNet-1k,['Distillation']
569,edgenext_small_rw.sw_in1k,timm,edgenext,Hybrid,hybrid,ImageNet-1k,[]
570,edgenext_x_small.in1k,timm,edgenext,Hybrid,hybrid,ImageNet-1k,[]
571,edgenext_xx_small.in1k,timm,edgenext,Hybrid,hybrid,ImageNet-1k,[]
572,efficientformer_l1.snap_dist_in1k,timm,efficientformer,Hybrid,hybrid,ImageNet-1k,['Distillation']
573,efficientformer_l3.snap_dist_in1k,timm,efficientformer,Hybrid,hybrid,ImageNet-1k,['Distillation']
574,efficientformer_l7.snap_dist_in1k,timm,efficientformer,Hybrid,hybrid,ImageNet-1k,['Distillation']
575,efficientformerv2_l.snap_dist_in1k,timm,efficientformer,Hybrid,hybrid,ImageNet-1k,['Distillation']
576,efficientformerv2_s0.snap_dist_in1k,timm,efficientformer,Hybrid,hybrid,ImageNet-1k,['Distillation']
577,efficientformerv2_s1.snap_dist_in1k,timm,efficientformer,Hybrid,hybrid,ImageNet-1k,['Distillation']
578,efficientformerv2_s2.snap_dist_in1k,timm,efficientformer,Hybrid,hybrid,ImageNet-1k,['Distillation']
579,levit_128.fb_dist_in1k,timm,levit,Hybrid,hybrid,ImageNet-1k,['Distillation']
580,levit_128s.fb_dist_in1k,timm,levit,Hybrid,hybrid,ImageNet-1k,['Distillation']
581,levit_192.fb_dist_in1k,timm,levit,Hybrid,hybrid,ImageNet-1k,['Distillation']
582,levit_256.fb_dist_in1k,timm,levit,Hybrid,hybrid,ImageNet-1k,['Distillation']
583,levit_384.fb_dist_in1k,timm,levit,Hybrid,hybrid,ImageNet-1k,['Distillation']
584,levit_conv_128.fb_dist_in1k,timm,levit,Hybrid,hybrid,ImageNet-1k,['Distillation']
585,levit_conv_128s.fb_dist_in1k,timm,levit,Hybrid,hybrid,ImageNet-1k,['Distillation']
586,levit_conv_192.fb_dist_in1k,timm,levit,Hybrid,hybrid,ImageNet-1k,['Distillation']
587,levit_conv_256.fb_dist_in1k,timm,levit,Hybrid,hybrid,ImageNet-1k,['Distillation']
588,levit_conv_384.fb_dist_in1k,timm,levit,Hybrid,hybrid,ImageNet-1k,['Distillation']
589,mobilevit_s.cvnets_in1k,timm,mobilevit,Hybrid,hybrid,ImageNet-1k,[]
590,mobilevit_xs.cvnets_in1k,timm,mobilevit,Hybrid,hybrid,ImageNet-1k,[]
591,mobilevit_xxs.cvnets_in1k,timm,mobilevit,Hybrid,hybrid,ImageNet-1k,[]
592,mobilevitv2_050.cvnets_in1k,timm,mobilevit,Hybrid,hybrid,ImageNet-1k,[]
593,mobilevitv2_075.cvnets_in1k,timm,mobilevit,Hybrid,hybrid,ImageNet-1k,[]
594,mobilevitv2_100.cvnets_in1k,timm,mobilevit,Hybrid,hybrid,ImageNet-1k,[]
595,mobilevitv2_125.cvnets_in1k,timm,mobilevit,Hybrid,hybrid,ImageNet-1k,[]
596,mobilevitv2_150.cvnets_in1k,timm,mobilevit,Hybrid,hybrid,ImageNet-1k,[]
597,mobilevitv2_150.cvnets_in22k_ft_in1k,timm,mobilevit,Hybrid,hybrid,ImageNet-21k,[]
598,mobilevitv2_150.cvnets_in22k_ft_in1k_384,timm,mobilevit,Hybrid,hybrid,ImageNet-21k,[]
599,mobilevitv2_175.cvnets_in1k,timm,mobilevit,Hybrid,hybrid,ImageNet-1k,[]
600,mobilevitv2_175.cvnets_in22k_ft_in1k,timm,mobilevit,Hybrid,hybrid,ImageNet-21k,[]
601,mobilevitv2_175.cvnets_in22k_ft_in1k_384,timm,mobilevit,Hybrid,hybrid,ImageNet-21k,[]
602,mobilevitv2_200.cvnets_in1k,timm,mobilevit,Hybrid,hybrid,ImageNet-1k,[]
603,mobilevitv2_200.cvnets_in22k_ft_in1k,timm,mobilevit,Hybrid,hybrid,ImageNet-21k,[]
604,mobilevitv2_200.cvnets_in22k_ft_in1k_384,timm,mobilevit,Hybrid,hybrid,ImageNet-21k,[]
605,pvt_v2_b0.in1k,timm,pvt,Hybrid,hybrid,ImageNet-1k,[]
606,pvt_v2_b1.in1k,timm,pvt,Hybrid,hybrid,ImageNet-1k,[]
607,pvt_v2_b2.in1k,timm,pvt,Hybrid,hybrid,ImageNet-1k,[]
608,pvt_v2_b2_li.in1k,timm,pvt,Hybrid,hybrid,ImageNet-1k,[]
609,pvt_v2_b3.in1k,timm,pvt,Hybrid,hybrid,ImageNet-1k,[]
610,pvt_v2_b4.in1k,timm,pvt,Hybrid,hybrid,ImageNet-1k,[]
611,pvt_v2_b5.in1k,timm,pvt,Hybrid,hybrid,ImageNet-1k,[]
612,coatnet_0_rw_224.sw_in1k,timm,coatnet,MaxViT,hybrid,ImageNet-1k,[]
613,coatnet_1_rw_224.sw_in1k,timm,coatnet,MaxViT,hybrid,ImageNet-1k,[]
614,coatnet_bn_0_rw_224.sw_in1k,timm,coatnet,MaxViT,hybrid,ImageNet-1k,[]
615,coatnet_nano_rw_224.sw_in1k,timm,coatnet,MaxViT,hybrid,ImageNet-1k,[]
616,coatnet_rmlp_1_rw_224.sw_in1k,timm,coatnet,MaxViT,hybrid,ImageNet-1k,[]
617,coatnet_rmlp_2_rw_224.sw_in1k,timm,coatnet,MaxViT,hybrid,ImageNet-1k,[]
618,coatnet_rmlp_nano_rw_224.sw_in1k,timm,coatnet,MaxViT,hybrid,ImageNet-1k,[]
619,coatnext_nano_rw_224.sw_in1k,timm,coatnet,MaxViT,hybrid,ImageNet-1k,[]
620,maxvit_base_tf_224.in1k,timm,maxvit,MaxViT,hybrid,ImageNet-1k,[]
621,maxvit_base_tf_384.in1k,timm,maxvit,MaxViT,hybrid,ImageNet-1k,[]
622,maxvit_base_tf_384.in21k_ft_in1k,timm,maxvit,MaxViT,hybrid,ImageNet-21k,[]
623,maxvit_base_tf_512.in1k,timm,maxvit,MaxViT,hybrid,ImageNet-1k,[]
624,maxvit_base_tf_512.in21k_ft_in1k,timm,maxvit,MaxViT,hybrid,ImageNet-21k,[]
625,maxvit_large_tf_224.in1k,timm,maxvit,MaxViT,hybrid,ImageNet-1k,[]
626,maxvit_large_tf_384.in1k,timm,maxvit,MaxViT,hybrid,ImageNet-1k,[]
627,maxvit_large_tf_384.in21k_ft_in1k,timm,maxvit,MaxViT,hybrid,ImageNet-21k,[]
628,maxvit_large_tf_512.in1k,timm,maxvit,MaxViT,hybrid,ImageNet-1k,[]
629,maxvit_large_tf_512.in21k_ft_in1k,timm,maxvit,MaxViT,hybrid,ImageNet-21k,[]
630,maxvit_nano_rw_256.sw_in1k,timm,maxvit,MaxViT,hybrid,ImageNet-1k,[]
631,maxvit_rmlp_nano_rw_256.sw_in1k,timm,maxvit,MaxViT,hybrid,ImageNet-1k,[]
632,maxvit_rmlp_pico_rw_256.sw_in1k,timm,maxvit,MaxViT,hybrid,ImageNet-1k,[]
633,maxvit_rmlp_small_rw_224.sw_in1k,timm,maxvit,MaxViT,hybrid,ImageNet-1k,[]
634,maxvit_rmlp_tiny_rw_256.sw_in1k,timm,maxvit,MaxViT,hybrid,ImageNet-1k,[]
635,maxvit_small_tf_224.in1k,timm,maxvit,MaxViT,hybrid,ImageNet-1k,[]
636,maxvit_small_tf_384.in1k,timm,maxvit,MaxViT,hybrid,ImageNet-1k,[]
637,maxvit_small_tf_512.in1k,timm,maxvit,MaxViT,hybrid,ImageNet-1k,[]
638,maxvit_tiny_rw_224.sw_in1k,timm,maxvit,MaxViT,hybrid,ImageNet-1k,[]
639,maxvit_tiny_tf_224.in1k,timm,maxvit,MaxViT,hybrid,ImageNet-1k,[]
640,maxvit_tiny_tf_384.in1k,timm,maxvit,MaxViT,hybrid,ImageNet-1k,[]
641,maxvit_tiny_tf_512.in1k,timm,maxvit,MaxViT,hybrid,ImageNet-1k,[]
642,maxvit_xlarge_tf_384.in21k_ft_in1k,timm,maxvit,MaxViT,hybrid,ImageNet-21k,[]
643,maxvit_xlarge_tf_512.in21k_ft_in1k,timm,maxvit,MaxViT,hybrid,ImageNet-21k,[]
644,maxxvit_rmlp_nano_rw_256.sw_in1k,timm,maxvit,MaxViT,hybrid,ImageNet-1k,[]
645,maxxvit_rmlp_small_rw_256.sw_in1k,timm,maxvit,MaxViT,hybrid,ImageNet-1k,[]
646,maxxvitv2_nano_rw_256.sw_in1k,timm,maxvit,MaxViT,hybrid,ImageNet-1k,[]
647,caformer_b36.sail_in1k,timm,caformer,MetaFormer,hybrid,ImageNet-1k,[]
648,caformer_b36.sail_in1k_384,timm,caformer,MetaFormer,hybrid,ImageNet-1k,[]
649,caformer_b36.sail_in22k_ft_in1k,timm,caformer,MetaFormer,hybrid,ImageNet-21k,[]
650,caformer_b36.sail_in22k_ft_in1k_384,timm,caformer,MetaFormer,hybrid,ImageNet-21k,[]
651,caformer_m36.sail_in1k,timm,caformer,MetaFormer,hybrid,ImageNet-1k,[]
652,caformer_m36.sail_in1k_384,timm,caformer,MetaFormer,hybrid,ImageNet-1k,[]
653,caformer_m36.sail_in22k_ft_in1k,timm,caformer,MetaFormer,hybrid,ImageNet-21k,[]
654,caformer_m36.sail_in22k_ft_in1k_384,timm,caformer,MetaFormer,hybrid,ImageNet-21k,[]
655,caformer_s18.sail_in1k,timm,caformer,MetaFormer,hybrid,ImageNet-1k,[]
656,caformer_s18.sail_in1k_384,timm,caformer,MetaFormer,hybrid,ImageNet-1k,[]
657,caformer_s18.sail_in22k_ft_in1k,timm,caformer,MetaFormer,hybrid,ImageNet-21k,[]
658,caformer_s18.sail_in22k_ft_in1k_384,timm,caformer,MetaFormer,hybrid,ImageNet-21k,[]
659,caformer_s36.sail_in1k,timm,caformer,MetaFormer,hybrid,ImageNet-1k,[]
660,caformer_s36.sail_in1k_384,timm,caformer,MetaFormer,hybrid,ImageNet-1k,[]
661,caformer_s36.sail_in22k_ft_in1k,timm,caformer,MetaFormer,hybrid,ImageNet-21k,[]
662,caformer_s36.sail_in22k_ft_in1k_384,timm,caformer,MetaFormer,hybrid,ImageNet-21k,[]
663,gmixer_24_224.ra3_in1k,timm,gmixer,MLP,mlp,ImageNet-1k,[]
664,gmlp_s16_224.ra3_in1k,timm,gmlp,MLP,mlp,ImageNet-1k,[]
665,mixer_b16_224.goog_in21k_ft_in1k,timm,mlp-mixer,MLP,mlp,ImageNet-21k,[]
666,mixer_b16_224.miil_in21k_ft_in1k,timm,mlp-mixer,MLP,mlp,ImageNet-21k,[]
667,mixer_l16_224.goog_in21k_ft_in1k,timm,mlp-mixer,MLP,mlp,ImageNet-21k,[]
668,resmlp_12_224.fb_distilled_in1k,timm,resmlp,MLP,mlp,ImageNet-1k,['Distillation']
669,resmlp_12_224.fb_in1k,timm,resmlp,MLP,mlp,ImageNet-1k,[]
670,resmlp_24_224.fb_distilled_in1k,timm,resmlp,MLP,mlp,ImageNet-1k,['Distillation']
671,resmlp_24_224.fb_in1k,timm,resmlp,MLP,mlp,ImageNet-1k,[]
672,resmlp_36_224.fb_distilled_in1k,timm,resmlp,MLP,mlp,ImageNet-1k,['Distillation']
673,resmlp_36_224.fb_in1k,timm,resmlp,MLP,mlp,ImageNet-1k,[]
674,resmlp_big_24_224.fb_distilled_in1k,timm,resmlp,MLP,mlp,ImageNet-1k,['Distillation']
675,resmlp_big_24_224.fb_in1k,timm,resmlp,MLP,mlp,ImageNet-1k,[]
676,resmlp_big_24_224.fb_in22k_ft_in1k,timm,resmlp,MLP,mlp,ImageNet-21k,[]
677,poolformer_m36.sail_in1k,timm,poolformer,MetaFormer,mlp,ImageNet-1k,[]
678,poolformer_m48.sail_in1k,timm,poolformer,MetaFormer,mlp,ImageNet-1k,[]
679,poolformer_s12.sail_in1k,timm,poolformer,MetaFormer,mlp,ImageNet-1k,[]
680,poolformer_s24.sail_in1k,timm,poolformer,MetaFormer,mlp,ImageNet-1k,[]
681,poolformer_s36.sail_in1k,timm,poolformer,MetaFormer,mlp,ImageNet-1k,[]
682,poolformerv2_m36.sail_in1k,timm,poolformer,MetaFormer,mlp,ImageNet-1k,[]
683,poolformerv2_m48.sail_in1k,timm,poolformer,MetaFormer,mlp,ImageNet-1k,[]
684,poolformerv2_s12.sail_in1k,timm,poolformer,MetaFormer,mlp,ImageNet-1k,[]
685,poolformerv2_s24.sail_in1k,timm,poolformer,MetaFormer,mlp,ImageNet-1k,[]
686,poolformerv2_s36.sail_in1k,timm,poolformer,MetaFormer,mlp,ImageNet-1k,[]
687,beit_base_patch16_224.in22k_ft_in22k_in1k,timm,beit,BEIT,transformer,ImageNet-21k,['Self-Supervised Learning']
688,beit_base_patch16_384.in22k_ft_in22k_in1k,timm,beit,BEIT,transformer,ImageNet-21k,['Self-Supervised Learning']
689,beit_large_patch16_224.in22k_ft_in22k_in1k,timm,beit,BEIT,transformer,ImageNet-21k,['Self-Supervised Learning']
690,beit_large_patch16_384.in22k_ft_in22k_in1k,timm,beit,BEIT,transformer,ImageNet-21k,['Self-Supervised Learning']
691,beit_large_patch16_512.in22k_ft_in22k_in1k,timm,beit,BEIT,transformer,ImageNet-21k,['Self-Supervised Learning']
692,beitv2_base_patch16_224.in1k_ft_in1k,timm,beit,BEIT,transformer,ImageNet-1k,['Self-Supervised Learning']
693,beitv2_base_patch16_224.in1k_ft_in22k_in1k,timm,beit,BEIT,transformer,ImageNet-21k,['Self-Supervised Learning']
694,beitv2_large_patch16_224.in1k_ft_in1k,timm,beit,BEIT,transformer,ImageNet-1k,['Self-Supervised Learning']
695,beitv2_large_patch16_224.in1k_ft_in22k_in1k,timm,beit,BEIT,transformer,ImageNet-21k,['Self-Supervised Learning']
696,eva02_base_patch14_448.mim_in22k_ft_in1k,timm,eva,EVA,transformer,ImageNet-21k,['Self-Supervised Learning']
697,eva02_base_patch14_448.mim_in22k_ft_in22k_in1k,timm,eva,EVA,transformer,ImageNet-21k,['Self-Supervised Learning']
698,eva02_large_patch14_448.mim_in22k_ft_in1k,timm,eva,EVA,transformer,ImageNet-21k,['Self-Supervised Learning']
699,eva02_large_patch14_448.mim_in22k_ft_in22k_in1k,timm,eva,EVA,transformer,ImageNet-21k,['Self-Supervised Learning']
700,eva02_large_patch14_448.mim_m38m_ft_in1k,timm,eva,EVA,transformer,Merged,['Self-Supervised Learning']
701,eva02_large_patch14_448.mim_m38m_ft_in22k_in1k,timm,eva,EVA,transformer,Merged,['Self-Supervised Learning']
702,eva02_small_patch14_336.mim_in22k_ft_in1k,timm,eva,EVA,transformer,ImageNet-21k,['Self-Supervised Learning']
703,eva02_tiny_patch14_336.mim_in22k_ft_in1k,timm,eva,EVA,transformer,ImageNet-21k,['Self-Supervised Learning']
704,eva_giant_patch14_224.clip_ft_in1k,timm,eva,EVA,transformer,LAION-400M,"['Self-Supervised Learning', 'CLIP Training']"
705,eva_giant_patch14_336.clip_ft_in1k,timm,eva,EVA,transformer,LAION-400M,"['Self-Supervised Learning', 'CLIP Training']"
706,eva_giant_patch14_336.m30m_ft_in22k_in1k,timm,eva,EVA,transformer,Merged,['Self-Supervised Learning']
707,eva_giant_patch14_560.m30m_ft_in22k_in1k,timm,eva,EVA,transformer,Merged,['Self-Supervised Learning']
708,eva_large_patch14_196.in22k_ft_in1k,timm,eva,EVA,transformer,ImageNet-21k,['Self-Supervised Learning']
709,eva_large_patch14_196.in22k_ft_in22k_in1k,timm,eva,EVA,transformer,ImageNet-21k,['Self-Supervised Learning']
710,eva_large_patch14_336.in22k_ft_in1k,timm,eva,EVA,transformer,ImageNet-21k,['Self-Supervised Learning']
711,eva_large_patch14_336.in22k_ft_in22k_in1k,timm,eva,EVA,transformer,ImageNet-21k,['Self-Supervised Learning']
712,swin_b,torchvision.models,swin,Swin,transformer,ImageNet-1k,[]
713,swin_base_patch4_window12_384.ms_in1k,timm,swin,Swin,transformer,ImageNet-1k,[]
714,swin_base_patch4_window12_384.ms_in22k_ft_in1k,timm,swin,Swin,transformer,ImageNet-21k,[]
715,swin_base_patch4_window7_224.ms_in1k,timm,swin,Swin,transformer,ImageNet-1k,[]
716,swin_base_patch4_window7_224.ms_in22k_ft_in1k,timm,swin,Swin,transformer,ImageNet-21k,[]
717,swin_large_patch4_window12_384.ms_in22k_ft_in1k,timm,swin,Swin,transformer,ImageNet-21k,[]
718,swin_large_patch4_window7_224.ms_in22k_ft_in1k,timm,swin,Swin,transformer,ImageNet-21k,[]
719,swin_s,torchvision.models,swin,Swin,transformer,ImageNet-1k,[]
720,swin_s3_base_224.ms_in1k,timm,swin,Swin,transformer,ImageNet-1k,[]
721,swin_s3_small_224.ms_in1k,timm,swin,Swin,transformer,ImageNet-1k,[]
722,swin_s3_tiny_224.ms_in1k,timm,swin,Swin,transformer,ImageNet-1k,[]
723,swin_small_patch4_window7_224.ms_in1k,timm,swin,Swin,transformer,ImageNet-1k,[]
724,swin_small_patch4_window7_224.ms_in22k_ft_in1k,timm,swin,Swin,transformer,ImageNet-21k,[]
725,swin_t,torchvision.models,swin,Swin,transformer,ImageNet-1k,[]
726,swin_tiny_patch4_window7_224.ms_in1k,timm,swin,Swin,transformer,ImageNet-1k,[]
727,swin_tiny_patch4_window7_224.ms_in22k_ft_in1k,timm,swin,Swin,transformer,ImageNet-21k,[]
728,swin_v2_b,torchvision.models,swin,Swin,transformer,ImageNet-1k,[]
729,swin_v2_s,torchvision.models,swin,Swin,transformer,ImageNet-1k,[]
730,swin_v2_t,torchvision.models,swin,Swin,transformer,ImageNet-1k,[]
731,swinv2_base_window12to16_192to256.ms_in22k_ft_in1k,timm,swin,Swin,transformer,ImageNet-21k,[]
732,swinv2_base_window12to24_192to384.ms_in22k_ft_in1k,timm,swin,Swin,transformer,ImageNet-21k,[]
733,swinv2_base_window16_256.ms_in1k,timm,swin,Swin,transformer,ImageNet-1k,[]
734,swinv2_base_window8_256.ms_in1k,timm,swin,Swin,transformer,ImageNet-1k,[]
735,swinv2_large_window12to16_192to256.ms_in22k_ft_in1k,timm,swin,Swin,transformer,ImageNet-21k,[]
736,swinv2_large_window12to24_192to384.ms_in22k_ft_in1k,timm,swin,Swin,transformer,ImageNet-21k,[]
737,swinv2_small_window16_256.ms_in1k,timm,swin,Swin,transformer,ImageNet-1k,[]
738,swinv2_small_window8_256.ms_in1k,timm,swin,Swin,transformer,ImageNet-1k,[]
739,swinv2_tiny_window16_256.ms_in1k,timm,swin,Swin,transformer,ImageNet-1k,[]
740,swinv2_tiny_window8_256.ms_in1k,timm,swin,Swin,transformer,ImageNet-1k,[]
741,cait_m36_384.fb_dist_in1k,timm,cait,ViT,transformer,ImageNet-1k,['Distillation']
742,cait_m48_448.fb_dist_in1k,timm,cait,ViT,transformer,ImageNet-1k,['Distillation']
743,cait_s24_224.fb_dist_in1k,timm,cait,ViT,transformer,ImageNet-1k,['Distillation']
744,cait_s24_384.fb_dist_in1k,timm,cait,ViT,transformer,ImageNet-1k,['Distillation']
745,cait_s36_384.fb_dist_in1k,timm,cait,ViT,transformer,ImageNet-1k,['Distillation']
746,cait_xs24_384.fb_dist_in1k,timm,cait,ViT,transformer,ImageNet-1k,['Distillation']
747,cait_xxs24_224.fb_dist_in1k,timm,cait,ViT,transformer,ImageNet-1k,['Distillation']
748,cait_xxs24_384.fb_dist_in1k,timm,cait,ViT,transformer,ImageNet-1k,['Distillation']
749,cait_xxs36_224.fb_dist_in1k,timm,cait,ViT,transformer,ImageNet-1k,['Distillation']
750,cait_xxs36_384.fb_dist_in1k,timm,cait,ViT,transformer,ImageNet-1k,['Distillation']
751,coat_lite_medium.in1k,timm,coat,ViT,transformer,ImageNet-1k,[]
752,coat_lite_medium_384.in1k,timm,coat,ViT,transformer,ImageNet-1k,[]
753,coat_lite_mini.in1k,timm,coat,ViT,transformer,ImageNet-1k,[]
754,coat_lite_small.in1k,timm,coat,ViT,transformer,ImageNet-1k,[]
755,coat_lite_tiny.in1k,timm,coat,ViT,transformer,ImageNet-1k,[]
756,coat_mini.in1k,timm,coat,ViT,transformer,ImageNet-1k,[]
757,coat_small.in1k,timm,coat,ViT,transformer,ImageNet-1k,[]
758,coat_tiny.in1k,timm,coat,ViT,transformer,ImageNet-1k,[]
759,convit_base.fb_in1k,timm,convit,ViT,transformer,ImageNet-1k,[]
760,convit_small.fb_in1k,timm,convit,ViT,transformer,ImageNet-1k,[]
761,convit_tiny.fb_in1k,timm,convit,ViT,transformer,ImageNet-1k,[]
762,crossvit_15_240.in1k,timm,crossvit,ViT,transformer,ImageNet-1k,[]
763,crossvit_15_dagger_240.in1k,timm,crossvit,ViT,transformer,ImageNet-1k,[]
764,crossvit_15_dagger_408.in1k,timm,crossvit,ViT,transformer,ImageNet-1k,[]
765,crossvit_18_240.in1k,timm,crossvit,ViT,transformer,ImageNet-1k,[]
766,crossvit_18_dagger_240.in1k,timm,crossvit,ViT,transformer,ImageNet-1k,[]
767,crossvit_18_dagger_408.in1k,timm,crossvit,ViT,transformer,ImageNet-1k,[]
768,crossvit_9_240.in1k,timm,crossvit,ViT,transformer,ImageNet-1k,[]
769,crossvit_9_dagger_240.in1k,timm,crossvit,ViT,transformer,ImageNet-1k,[]
770,crossvit_base_240.in1k,timm,crossvit,ViT,transformer,ImageNet-1k,[]
771,crossvit_small_240.in1k,timm,crossvit,ViT,transformer,ImageNet-1k,[]
772,crossvit_tiny_240.in1k,timm,crossvit,ViT,transformer,ImageNet-1k,[]
773,davit_base.msft_in1k,timm,davit,ViT,transformer,ImageNet-1k,[]
774,davit_small.msft_in1k,timm,davit,ViT,transformer,ImageNet-1k,[]
775,davit_tiny.msft_in1k,timm,davit,ViT,transformer,ImageNet-1k,[]
776,deit3_base_patch16_224.fb_in1k,timm,deit,ViT,transformer,ImageNet-1k,[]
777,deit3_base_patch16_224.fb_in22k_ft_in1k,timm,deit,ViT,transformer,ImageNet-21k,[]
778,deit3_base_patch16_384.fb_in1k,timm,deit,ViT,transformer,ImageNet-1k,[]
779,deit3_base_patch16_384.fb_in22k_ft_in1k,timm,deit,ViT,transformer,ImageNet-21k,[]
780,deit3_huge_patch14_224.fb_in1k,timm,deit,ViT,transformer,ImageNet-1k,[]
781,deit3_huge_patch14_224.fb_in22k_ft_in1k,timm,deit,ViT,transformer,ImageNet-21k,[]
782,deit3_large_patch16_224.fb_in1k,timm,deit,ViT,transformer,ImageNet-1k,[]
783,deit3_large_patch16_224.fb_in22k_ft_in1k,timm,deit,ViT,transformer,ImageNet-21k,[]
784,deit3_large_patch16_384.fb_in1k,timm,deit,ViT,transformer,ImageNet-1k,[]
785,deit3_large_patch16_384.fb_in22k_ft_in1k,timm,deit,ViT,transformer,ImageNet-21k,[]
786,deit3_medium_patch16_224.fb_in1k,timm,deit,ViT,transformer,ImageNet-1k,[]
787,deit3_medium_patch16_224.fb_in22k_ft_in1k,timm,deit,ViT,transformer,ImageNet-21k,[]
788,deit3_small_patch16_224.fb_in1k,timm,deit,ViT,transformer,ImageNet-1k,[]
789,deit3_small_patch16_224.fb_in22k_ft_in1k,timm,deit,ViT,transformer,ImageNet-21k,[]
790,deit3_small_patch16_384.fb_in1k,timm,deit,ViT,transformer,ImageNet-1k,[]
791,deit3_small_patch16_384.fb_in22k_ft_in1k,timm,deit,ViT,transformer,ImageNet-21k,[]
792,deit_base_distilled_patch16_224.fb_in1k,timm,deit,ViT,transformer,ImageNet-1k,['Distillation']
793,deit_base_distilled_patch16_384.fb_in1k,timm,deit,ViT,transformer,ImageNet-1k,['Distillation']
794,deit_base_patch16_224.fb_in1k,timm,deit,ViT,transformer,ImageNet-1k,[]
795,deit_base_patch16_384.fb_in1k,timm,deit,ViT,transformer,ImageNet-1k,[]
796,deit_small_distilled_patch16_224.fb_in1k,timm,deit,ViT,transformer,ImageNet-1k,['Distillation']
797,deit_small_patch16_224.fb_in1k,timm,deit,ViT,transformer,ImageNet-1k,[]
798,deit_tiny_distilled_patch16_224.fb_in1k,timm,deit,ViT,transformer,ImageNet-1k,['Distillation']
799,deit_tiny_patch16_224.fb_in1k,timm,deit,ViT,transformer,ImageNet-1k,[]
800,flexivit_base.1200ep_in1k,timm,flexivit,ViT,transformer,ImageNet-1k,[]
801,flexivit_base.300ep_in1k,timm,flexivit,ViT,transformer,ImageNet-1k,[]
802,flexivit_base.600ep_in1k,timm,flexivit,ViT,transformer,ImageNet-1k,[]
803,flexivit_large.1200ep_in1k,timm,flexivit,ViT,transformer,ImageNet-1k,[]
804,flexivit_large.300ep_in1k,timm,flexivit,ViT,transformer,ImageNet-1k,[]
805,flexivit_large.600ep_in1k,timm,flexivit,ViT,transformer,ImageNet-1k,[]
806,flexivit_small.1200ep_in1k,timm,flexivit,ViT,transformer,ImageNet-1k,[]
807,flexivit_small.300ep_in1k,timm,flexivit,ViT,transformer,ImageNet-1k,[]
808,flexivit_small.600ep_in1k,timm,flexivit,ViT,transformer,ImageNet-1k,[]
809,gcvit_base.in1k,timm,gcvit,ViT,transformer,ImageNet-1k,[]
810,gcvit_small.in1k,timm,gcvit,ViT,transformer,ImageNet-1k,[]
811,gcvit_tiny.in1k,timm,gcvit,ViT,transformer,ImageNet-1k,[]
812,gcvit_xtiny.in1k,timm,gcvit,ViT,transformer,ImageNet-1k,[]
813,gcvit_xxtiny.in1k,timm,gcvit,ViT,transformer,ImageNet-1k,[]
814,mvitv2_base.fb_in1k,timm,mvit,ViT,transformer,ImageNet-1k,[]
815,mvitv2_large.fb_in1k,timm,mvit,ViT,transformer,ImageNet-1k,[]
816,mvitv2_small.fb_in1k,timm,mvit,ViT,transformer,ImageNet-1k,[]
817,mvitv2_tiny.fb_in1k,timm,mvit,ViT,transformer,ImageNet-1k,[]
818,nest_base_jx.goog_in1k,timm,nest,ViT,transformer,ImageNet-1k,[]
819,nest_small_jx.goog_in1k,timm,nest,ViT,transformer,ImageNet-1k,[]
820,nest_tiny_jx.goog_in1k,timm,nest,ViT,transformer,ImageNet-1k,[]
821,pit_b_224.in1k,timm,pit,ViT,transformer,ImageNet-1k,[]
822,pit_b_distilled_224.in1k,timm,pit,ViT,transformer,ImageNet-1k,['Distillation']
823,pit_s_224.in1k,timm,pit,ViT,transformer,ImageNet-1k,[]
824,pit_s_distilled_224.in1k,timm,pit,ViT,transformer,ImageNet-1k,['Distillation']
825,pit_ti_224.in1k,timm,pit,ViT,transformer,ImageNet-1k,[]
826,pit_ti_distilled_224.in1k,timm,pit,ViT,transformer,ImageNet-1k,['Distillation']
827,pit_xs_224.in1k,timm,pit,ViT,transformer,ImageNet-1k,[]
828,pit_xs_distilled_224.in1k,timm,pit,ViT,transformer,ImageNet-1k,['Distillation']
829,twins_pcpvt_base.in1k,timm,twins,ViT,transformer,ImageNet-1k,[]
830,twins_pcpvt_large.in1k,timm,twins,ViT,transformer,ImageNet-1k,[]
831,twins_pcpvt_small.in1k,timm,twins,ViT,transformer,ImageNet-1k,[]
832,twins_svt_base.in1k,timm,twins,ViT,transformer,ImageNet-1k,[]
833,twins_svt_large.in1k,timm,twins,ViT,transformer,ImageNet-1k,[]
834,twins_svt_small.in1k,timm,twins,ViT,transformer,ImageNet-1k,[]
835,vit_b_16,torchvision.models,vit,ViT,transformer,ImageNet-1k,[]
836,vit_b_16_swag,torchvision.models,vit,ViT,transformer,Instagram,['Semi-Supervised Learning']
837,vit_b_32,torchvision.models,vit,ViT,transformer,ImageNet-1k,[]
838,vit_base_patch16_224.augreg2_in21k_ft_in1k,timm,vit,ViT,transformer,ImageNet-21k,[]
839,vit_base_patch16_224.augreg_in1k,timm,vit,ViT,transformer,ImageNet-1k,[]
840,vit_base_patch16_224.augreg_in21k_ft_in1k,timm,vit,ViT,transformer,ImageNet-21k,[]
841,vit_base_patch16_224.orig_in21k_ft_in1k,timm,vit,ViT,transformer,ImageNet-21k,[]
842,vit_base_patch16_224.sam_in1k,timm,vit,ViT,transformer,ImageNet-1k,[]
843,vit_base_patch16_224_miil.in21k_ft_in1k,timm,vit,ViT,transformer,ImageNet-21k,[]
844,vit_base_patch16_384.augreg_in1k,timm,vit,ViT,transformer,ImageNet-1k,[]
845,vit_base_patch16_384.augreg_in21k_ft_in1k,timm,vit,ViT,transformer,ImageNet-21k,[]
846,vit_base_patch16_384.orig_in21k_ft_in1k,timm,vit,ViT,transformer,ImageNet-21k,[]
847,vit_base_patch16_clip_224.laion2b_ft_in12k_in1k,timm,vit,ViT,transformer,LAION-2B,['CLIP Training']
848,vit_base_patch16_clip_224.laion2b_ft_in1k,timm,vit,ViT,transformer,LAION-2B,['CLIP Training']
849,vit_base_patch16_clip_224.openai_ft_in12k_in1k,timm,vit,ViT,transformer,WIT,['CLIP Training']
850,vit_base_patch16_clip_224.openai_ft_in1k,timm,vit,ViT,transformer,WIT,['CLIP Training']
851,vit_base_patch16_clip_384.laion2b_ft_in12k_in1k,timm,vit,ViT,transformer,LAION-2B,['CLIP Training']
852,vit_base_patch16_clip_384.laion2b_ft_in1k,timm,vit,ViT,transformer,LAION-2B,['CLIP Training']
853,vit_base_patch16_clip_384.openai_ft_in12k_in1k,timm,vit,ViT,transformer,WIT,['CLIP Training']
854,vit_base_patch16_clip_384.openai_ft_in1k,timm,vit,ViT,transformer,WIT,['CLIP Training']
855,vit_base_patch16_rpn_224.sw_in1k,timm,vit,ViT,transformer,ImageNet-1k,[]
856,vit_base_patch32_224.augreg_in1k,timm,vit,ViT,transformer,ImageNet-1k,[]
857,vit_base_patch32_224.augreg_in21k_ft_in1k,timm,vit,ViT,transformer,ImageNet-21k,[]
858,vit_base_patch32_224.sam_in1k,timm,vit,ViT,transformer,ImageNet-1k,[]
859,vit_base_patch32_384.augreg_in1k,timm,vit,ViT,transformer,ImageNet-1k,[]
860,vit_base_patch32_384.augreg_in21k_ft_in1k,timm,vit,ViT,transformer,ImageNet-21k,[]
861,vit_base_patch32_clip_224.laion2b_ft_in12k_in1k,timm,vit,ViT,transformer,LAION-2B,['CLIP Training']
862,vit_base_patch32_clip_224.laion2b_ft_in1k,timm,vit,ViT,transformer,LAION-2B,['CLIP Training']
863,vit_base_patch32_clip_224.openai_ft_in1k,timm,vit,ViT,transformer,WIT,['CLIP Training']
864,vit_base_patch32_clip_384.laion2b_ft_in12k_in1k,timm,vit,ViT,transformer,LAION-2B,['CLIP Training']
865,vit_base_patch32_clip_384.openai_ft_in12k_in1k,timm,vit,ViT,transformer,WIT,['CLIP Training']
866,vit_base_patch32_clip_448.laion2b_ft_in12k_in1k,timm,vit,ViT,transformer,LAION-2B,['CLIP Training']
867,vit_base_patch8_224.augreg2_in21k_ft_in1k,timm,vit,ViT,transformer,ImageNet-21k,[]
868,vit_base_patch8_224.augreg_in21k_ft_in1k,timm,vit,ViT,transformer,ImageNet-21k,[]
869,vit_base_r50_s16_384.orig_in21k_ft_in1k,timm,vit,ViT,transformer,ImageNet-21k,[]
870,vit_h_14_swag,torchvision.models,vit,ViT,transformer,Instagram,['Semi-Supervised Learning']
871,vit_huge_patch14_clip_224.laion2b_ft_in12k_in1k,timm,vit,ViT,transformer,LAION-2B,['CLIP Training']
872,vit_huge_patch14_clip_224.laion2b_ft_in1k,timm,vit,ViT,transformer,LAION-2B,['CLIP Training']
873,vit_huge_patch14_clip_336.laion2b_ft_in12k_in1k,timm,vit,ViT,transformer,LAION-2B,['CLIP Training']
874,vit_l_16,torchvision.models,vit,ViT,transformer,ImageNet-1k,[]
875,vit_l_16_swag,torchvision.models,vit,ViT,transformer,Instagram,['Semi-Supervised Learning']
876,vit_l_32,torchvision.models,vit,ViT,transformer,ImageNet-1k,[]
877,vit_large_patch14_clip_224.laion2b_ft_in12k_in1k,timm,vit,ViT,transformer,LAION-2B,['CLIP Training']
878,vit_large_patch14_clip_224.laion2b_ft_in1k,timm,vit,ViT,transformer,LAION-2B,['CLIP Training']
879,vit_large_patch14_clip_224.openai_ft_in12k_in1k,timm,vit,ViT,transformer,WIT,['CLIP Training']
880,vit_large_patch14_clip_224.openai_ft_in1k,timm,vit,ViT,transformer,WIT,['CLIP Training']
881,vit_large_patch14_clip_336.laion2b_ft_in12k_in1k,timm,vit,ViT,transformer,LAION-2B,['CLIP Training']
882,vit_large_patch14_clip_336.laion2b_ft_in1k,timm,vit,ViT,transformer,LAION-2B,['CLIP Training']
883,vit_large_patch14_clip_336.openai_ft_in12k_in1k,timm,vit,ViT,transformer,WIT,['CLIP Training']
884,vit_large_patch16_224.augreg_in21k_ft_in1k,timm,vit,ViT,transformer,ImageNet-21k,[]
885,vit_large_patch16_384.augreg_in21k_ft_in1k,timm,vit,ViT,transformer,ImageNet-21k,[]
886,vit_large_patch32_384.orig_in21k_ft_in1k,timm,vit,ViT,transformer,ImageNet-21k,[]
887,vit_large_r50_s32_224.augreg_in21k_ft_in1k,timm,vit,ViT,transformer,ImageNet-21k,[]
888,vit_large_r50_s32_384.augreg_in21k_ft_in1k,timm,vit,ViT,transformer,ImageNet-21k,[]
889,vit_relpos_base_patch16_224.sw_in1k,timm,vit,ViT,transformer,ImageNet-1k,[]
890,vit_relpos_base_patch16_clsgap_224.sw_in1k,timm,vit,ViT,transformer,ImageNet-1k,[]
891,vit_relpos_base_patch32_plus_rpn_256.sw_in1k,timm,vit,ViT,transformer,ImageNet-1k,[]
892,vit_relpos_medium_patch16_224.sw_in1k,timm,vit,ViT,transformer,ImageNet-1k,[]
893,vit_relpos_medium_patch16_cls_224.sw_in1k,timm,vit,ViT,transformer,ImageNet-1k,[]
894,vit_relpos_medium_patch16_rpn_224.sw_in1k,timm,vit,ViT,transformer,ImageNet-1k,[]
895,vit_relpos_small_patch16_224.sw_in1k,timm,vit,ViT,transformer,ImageNet-1k,[]
896,vit_small_patch16_224.augreg_in1k,timm,vit,ViT,transformer,ImageNet-1k,[]
897,vit_small_patch16_224.augreg_in21k_ft_in1k,timm,vit,ViT,transformer,ImageNet-21k,[]
898,vit_small_patch16_384.augreg_in1k,timm,vit,ViT,transformer,ImageNet-1k,[]
899,vit_small_patch16_384.augreg_in21k_ft_in1k,timm,vit,ViT,transformer,ImageNet-21k,[]
900,vit_small_patch32_224.augreg_in21k_ft_in1k,timm,vit,ViT,transformer,ImageNet-21k,[]
901,vit_small_patch32_384.augreg_in21k_ft_in1k,timm,vit,ViT,transformer,ImageNet-21k,[]
902,vit_small_r26_s32_224.augreg_in21k_ft_in1k,timm,vit,ViT,transformer,ImageNet-21k,[]
903,vit_small_r26_s32_384.augreg_in21k_ft_in1k,timm,vit,ViT,transformer,ImageNet-21k,[]
904,vit_srelpos_medium_patch16_224.sw_in1k,timm,vit,ViT,transformer,ImageNet-1k,[]
905,vit_srelpos_small_patch16_224.sw_in1k,timm,vit,ViT,transformer,ImageNet-1k,[]
906,vit_tiny_patch16_224.augreg_in21k_ft_in1k,timm,vit,ViT,transformer,ImageNet-21k,[]
907,vit_tiny_patch16_384.augreg_in21k_ft_in1k,timm,vit,ViT,transformer,ImageNet-21k,[]
908,vit_tiny_r_s16_p8_224.augreg_in21k_ft_in1k,timm,vit,ViT,transformer,ImageNet-21k,[]
909,vit_tiny_r_s16_p8_384.augreg_in21k_ft_in1k,timm,vit,ViT,transformer,ImageNet-21k,[]
910,volo_d1_224.sail_in1k,timm,volo,ViT,transformer,ImageNet-1k,[]
911,volo_d1_384.sail_in1k,timm,volo,ViT,transformer,ImageNet-1k,[]
912,volo_d2_224.sail_in1k,timm,volo,ViT,transformer,ImageNet-1k,[]
913,volo_d2_384.sail_in1k,timm,volo,ViT,transformer,ImageNet-1k,[]
914,volo_d3_224.sail_in1k,timm,volo,ViT,transformer,ImageNet-1k,[]
915,volo_d3_448.sail_in1k,timm,volo,ViT,transformer,ImageNet-1k,[]
916,volo_d4_224.sail_in1k,timm,volo,ViT,transformer,ImageNet-1k,[]
917,volo_d4_448.sail_in1k,timm,volo,ViT,transformer,ImageNet-1k,[]
918,volo_d5_224.sail_in1k,timm,volo,ViT,transformer,ImageNet-1k,[]
919,volo_d5_448.sail_in1k,timm,volo,ViT,transformer,ImageNet-1k,[]
920,volo_d5_512.sail_in1k,timm,volo,ViT,transformer,ImageNet-1k,[]
921,xcit_large_24_p16_224.fb_dist_in1k,timm,xcit,XCiT,transformer,ImageNet-1k,['Distillation']
922,xcit_large_24_p16_224.fb_in1k,timm,xcit,XCiT,transformer,ImageNet-1k,[]
923,xcit_large_24_p16_384.fb_dist_in1k,timm,xcit,XCiT,transformer,ImageNet-1k,['Distillation']
924,xcit_large_24_p8_224.fb_dist_in1k,timm,xcit,XCiT,transformer,ImageNet-1k,['Distillation']
925,xcit_large_24_p8_224.fb_in1k,timm,xcit,XCiT,transformer,ImageNet-1k,[]
926,xcit_large_24_p8_384.fb_dist_in1k,timm,xcit,XCiT,transformer,ImageNet-1k,['Distillation']
927,xcit_medium_24_p16_224.fb_dist_in1k,timm,xcit,XCiT,transformer,ImageNet-1k,['Distillation']
928,xcit_medium_24_p16_224.fb_in1k,timm,xcit,XCiT,transformer,ImageNet-1k,[]
929,xcit_medium_24_p16_384.fb_dist_in1k,timm,xcit,XCiT,transformer,ImageNet-1k,['Distillation']
930,xcit_medium_24_p8_224.fb_dist_in1k,timm,xcit,XCiT,transformer,ImageNet-1k,['Distillation']
931,xcit_medium_24_p8_224.fb_in1k,timm,xcit,XCiT,transformer,ImageNet-1k,[]
932,xcit_medium_24_p8_384.fb_dist_in1k,timm,xcit,XCiT,transformer,ImageNet-1k,['Distillation']
933,xcit_nano_12_p16_224.fb_dist_in1k,timm,xcit,XCiT,transformer,ImageNet-1k,['Distillation']
934,xcit_nano_12_p16_224.fb_in1k,timm,xcit,XCiT,transformer,ImageNet-1k,[]
935,xcit_nano_12_p16_384.fb_dist_in1k,timm,xcit,XCiT,transformer,ImageNet-1k,['Distillation']
936,xcit_nano_12_p8_224.fb_dist_in1k,timm,xcit,XCiT,transformer,ImageNet-1k,['Distillation']
937,xcit_nano_12_p8_224.fb_in1k,timm,xcit,XCiT,transformer,ImageNet-1k,[]
938,xcit_nano_12_p8_384.fb_dist_in1k,timm,xcit,XCiT,transformer,ImageNet-1k,['Distillation']
939,xcit_small_12_p16_224.fb_dist_in1k,timm,xcit,XCiT,transformer,ImageNet-1k,['Distillation']
940,xcit_small_12_p16_224.fb_in1k,timm,xcit,XCiT,transformer,ImageNet-1k,[]
941,xcit_small_12_p16_384.fb_dist_in1k,timm,xcit,XCiT,transformer,ImageNet-1k,['Distillation']
942,xcit_small_12_p8_224.fb_dist_in1k,timm,xcit,XCiT,transformer,ImageNet-1k,['Distillation']
943,xcit_small_12_p8_224.fb_in1k,timm,xcit,XCiT,transformer,ImageNet-1k,[]
944,xcit_small_12_p8_384.fb_dist_in1k,timm,xcit,XCiT,transformer,ImageNet-1k,['Distillation']
945,xcit_small_24_p16_224.fb_dist_in1k,timm,xcit,XCiT,transformer,ImageNet-1k,['Distillation']
946,xcit_small_24_p16_224.fb_in1k,timm,xcit,XCiT,transformer,ImageNet-1k,[]
947,xcit_small_24_p16_384.fb_dist_in1k,timm,xcit,XCiT,transformer,ImageNet-1k,['Distillation']
948,xcit_small_24_p8_224.fb_dist_in1k,timm,xcit,XCiT,transformer,ImageNet-1k,['Distillation']
949,xcit_small_24_p8_224.fb_in1k,timm,xcit,XCiT,transformer,ImageNet-1k,[]
950,xcit_small_24_p8_384.fb_dist_in1k,timm,xcit,XCiT,transformer,ImageNet-1k,['Distillation']
951,xcit_tiny_12_p16_224.fb_dist_in1k,timm,xcit,XCiT,transformer,ImageNet-1k,['Distillation']
952,xcit_tiny_12_p16_224.fb_in1k,timm,xcit,XCiT,transformer,ImageNet-1k,[]
953,xcit_tiny_12_p16_384.fb_dist_in1k,timm,xcit,XCiT,transformer,ImageNet-1k,['Distillation']
954,xcit_tiny_12_p8_224.fb_dist_in1k,timm,xcit,XCiT,transformer,ImageNet-1k,['Distillation']
955,xcit_tiny_12_p8_224.fb_in1k,timm,xcit,XCiT,transformer,ImageNet-1k,[]
956,xcit_tiny_12_p8_384.fb_dist_in1k,timm,xcit,XCiT,transformer,ImageNet-1k,['Distillation']
957,xcit_tiny_24_p16_224.fb_dist_in1k,timm,xcit,XCiT,transformer,ImageNet-1k,['Distillation']
958,xcit_tiny_24_p16_224.fb_in1k,timm,xcit,XCiT,transformer,ImageNet-1k,[]
959,xcit_tiny_24_p16_384.fb_dist_in1k,timm,xcit,XCiT,transformer,ImageNet-1k,['Distillation']
960,xcit_tiny_24_p8_224.fb_dist_in1k,timm,xcit,XCiT,transformer,ImageNet-1k,['Distillation']
961,xcit_tiny_24_p8_224.fb_in1k,timm,xcit,XCiT,transformer,ImageNet-1k,[]
962,xcit_tiny_24_p8_384.fb_dist_in1k,timm,xcit,XCiT,transformer,ImageNet-1k,['Distillation']
